file_name,click_to_play,assigned_to,status,prompt_text,annotated_transcript,grade_level,language,Unnamed: 8,_missing_fields,_is_complete
data/std017_g4_fil_chunk_05.wav,▶ PLAY AUDIO,,,,,4,fil,,"prompt_text, annotated_transcript",False
data/std043_g5_fil_chunk_06.wav,▶ PLAY AUDIO,,,"Sinaunang Sistema ng Pagsulat at Panitikan. Ang sistema ng pagsulat ng sinaunang Pilipino ay ang baybayin. 
Binubuo ito ng 17 na titik 14 na katinig at tatlong patinig. Ang pagsulat ay mula itaas pababa",,5,fil,,annotated_transcript,False
data/std043_g5_fil_chunk_07.wav,▶ PLAY AUDIO,,,,,5,fil,,"prompt_text, annotated_transcript",False
data/std043_g5_fil_chunk_08.wav,▶ PLAY AUDIO,,,,,5,fil,,"prompt_text, annotated_transcript",False
data/std043_g5_fil_chunk_09.wav,▶ PLAY AUDIO,,,,,5,fil,,"prompt_text, annotated_transcript",False
data/std043_g5_fil_chunk_10.wav,▶ PLAY AUDIO,,,,,5,fil,,"prompt_text, annotated_transcript",False
data/std043_g5_fil_chunk_11.wav,▶ PLAY AUDIO,,,,,5,fil,,"prompt_text, annotated_transcript",False
data/std043_g5_fil_chunk_12.wav,▶ PLAY AUDIO,,,,,5,fil,,"prompt_text, annotated_transcript",False
data/std043_g5_fil_chunk_13.wav,▶ PLAY AUDIO,,,,,5,fil,,"prompt_text, annotated_transcript",False
data/std043_g5_fil_chunk_14.wav,▶ PLAY AUDIO,,,,,5,fil,,"prompt_text, annotated_transcript",False
data/std043_g5_fil_chunk_15.wav,▶ PLAY AUDIO,,,,,5,fil,,"prompt_text, annotated_transcript",False
data/std043_g5_fil_chunk_16.wav,▶ PLAY AUDIO,,,,,5,fil,,"prompt_text, annotated_transcript",False
data/std043_g5_fil_chunk_17.wav,▶ PLAY AUDIO,,,,,5,fil,,"prompt_text, annotated_transcript",False
data/std044_g5_en_chunk_01.wav,▶ PLAY AUDIO,,,,,5,en,,"prompt_text, annotated_transcript",False
data/std044_g5_en_chunk_02.wav,▶ PLAY AUDIO,,,,,5,en,,"prompt_text, annotated_transcript",False
data/std044_g5_en_chunk_03.wav,▶ PLAY AUDIO,,,,,5,en,,"prompt_text, annotated_transcript",False
data/std044_g5_en_chunk_04.wav,▶ PLAY AUDIO,,,,,5,en,,"prompt_text, annotated_transcript",False
data/std044_g5_en_chunk_05.wav,▶ PLAY AUDIO,,,,,5,en,,"prompt_text, annotated_transcript",False
data/std044_g5_en_chunk_06.wav,▶ PLAY AUDIO,,,,,5,en,,"prompt_text, annotated_transcript",False
data/std044_g5_fil_chunk_01.wav,▶ PLAY AUDIO,,,,,5,fil,,"prompt_text, annotated_transcript",False
data/std044_g5_fil_chunk_02.wav,▶ PLAY AUDIO,,,,,5,fil,,"prompt_text, annotated_transcript",False
data/std044_g5_fil_chunk_03.wav,▶ PLAY AUDIO,,,,,5,fil,,"prompt_text, annotated_transcript",False
data/std044_g5_fil_chunk_04.wav,▶ PLAY AUDIO,,,,,5,fil,,"prompt_text, annotated_transcript",False
data/std044_g5_fil_chunk_05.wav,▶ PLAY AUDIO,,,,,5,fil,,"prompt_text, annotated_transcript",False
data/std044_g5_fil_chunk_06.wav,▶ PLAY AUDIO,,,,,5,fil,,"prompt_text, annotated_transcript",False
data/std044_g5_fil_chunk_07.wav,▶ PLAY AUDIO,,,,,5,fil,,"prompt_text, annotated_transcript",False
data/std044_g5_fil_chunk_08.wav,▶ PLAY AUDIO,,,,,5,fil,,"prompt_text, annotated_transcript",False
data/std044_g5_fil_chunk_09.wav,▶ PLAY AUDIO,,,,,5,fil,,"prompt_text, annotated_transcript",False
data/std044_g5_fil_chunk_10.wav,▶ PLAY AUDIO,,,,,5,fil,,"prompt_text, annotated_transcript",False
data/std044_g5_fil_chunk_11.wav,▶ PLAY AUDIO,,,,,5,fil,,"prompt_text, annotated_transcript",False
data/std044_g5_fil_chunk_12.wav,▶ PLAY AUDIO,,,,,5,fil,,"prompt_text, annotated_transcript",False
data/std044_g5_fil_chunk_13.wav,▶ PLAY AUDIO,,,,,5,fil,,"prompt_text, annotated_transcript",False
data/std044_g5_fil_chunk_14.wav,▶ PLAY AUDIO,,,,,5,fil,,"prompt_text, annotated_transcript",False
data/std044_g5_fil_chunk_15.wav,▶ PLAY AUDIO,,,,,5,fil,,"prompt_text, annotated_transcript",False
data/std044_g5_fil_chunk_16.wav,▶ PLAY AUDIO,,,,,5,fil,,"prompt_text, annotated_transcript",False
data/std044_g5_fil_chunk_17.wav,▶ PLAY AUDIO,,,,,5,fil,,"prompt_text, annotated_transcript",False
data/std045_g5_en_chunk_01.wav,▶ PLAY AUDIO,,,,,5,en,,"prompt_text, annotated_transcript",False
data/std045_g5_en_chunk_02.wav,▶ PLAY AUDIO,,,,,5,en,,"prompt_text, annotated_transcript",False
data/std045_g5_en_chunk_03.wav,▶ PLAY AUDIO,,,,,5,en,,"prompt_text, annotated_transcript",False
data/std045_g5_en_chunk_04.wav,▶ PLAY AUDIO,,,,,5,en,,"prompt_text, annotated_transcript",False
data/std045_g5_fil_chunk_01.wav,▶ PLAY AUDIO,,,,,5,fil,,"prompt_text, annotated_transcript",False
data/std045_g5_fil_chunk_02.wav,▶ PLAY AUDIO,,,,,5,fil,,"prompt_text, annotated_transcript",False
data/std045_g5_fil_chunk_03.wav,▶ PLAY AUDIO,,,,,5,fil,,"prompt_text, annotated_transcript",False
data/std045_g5_fil_chunk_04.wav,▶ PLAY AUDIO,,,,,5,fil,,"prompt_text, annotated_transcript",False
data/std045_g5_fil_chunk_05.wav,▶ PLAY AUDIO,,,,,5,fil,,"prompt_text, annotated_transcript",False
data/std045_g5_fil_chunk_06.wav,▶ PLAY AUDIO,,,,,5,fil,,"prompt_text, annotated_transcript",False
data/std045_g5_fil_chunk_07.wav,▶ PLAY AUDIO,,,,,5,fil,,"prompt_text, annotated_transcript",False
data/std045_g5_fil_chunk_08.wav,▶ PLAY AUDIO,,,,,5,fil,,"prompt_text, annotated_transcript",False
data/std045_g5_fil_chunk_09.wav,▶ PLAY AUDIO,,,,,5,fil,,"prompt_text, annotated_transcript",False
data/std045_g5_fil_chunk_10.wav,▶ PLAY AUDIO,,,,,5,fil,,"prompt_text, annotated_transcript",False
data/std045_g5_fil_chunk_11.wav,▶ PLAY AUDIO,,,,,5,fil,,"prompt_text, annotated_transcript",False
data/std045_g5_fil_chunk_12.wav,▶ PLAY AUDIO,,,,,5,fil,,"prompt_text, annotated_transcript",False
data/std045_g5_fil_chunk_13.wav,▶ PLAY AUDIO,,,,,5,fil,,"prompt_text, annotated_transcript",False
data/std046_g5_fil_chunk_01.wav,▶ PLAY AUDIO,,,,,5,fil,,"prompt_text, annotated_transcript",False
data/std046_g5_fil_chunk_02.wav,▶ PLAY AUDIO,,,,,5,fil,,"prompt_text, annotated_transcript",False
data/std046_g5_fil_chunk_03.wav,▶ PLAY AUDIO,,,,,5,fil,,"prompt_text, annotated_transcript",False
data/std046_g5_fil_chunk_04.wav,▶ PLAY AUDIO,,,,,5,fil,,"prompt_text, annotated_transcript",False
data/std046_g5_fil_chunk_05.wav,▶ PLAY AUDIO,,,,,5,fil,,"prompt_text, annotated_transcript",False
data/std046_g5_fil_chunk_06.wav,▶ PLAY AUDIO,,,,,5,fil,,"prompt_text, annotated_transcript",False
data/std046_g5_fil_chunk_07.wav,▶ PLAY AUDIO,,,,,5,fil,,"prompt_text, annotated_transcript",False
data/std047_g5_fil_chunk_01.wav,▶ PLAY AUDIO,,,,,5,fil,,"prompt_text, annotated_transcript",False
data/std047_g5_fil_chunk_02.wav,▶ PLAY AUDIO,,,,,5,fil,,"prompt_text, annotated_transcript",False
data/std047_g5_fil_chunk_03.wav,▶ PLAY AUDIO,,,,,5,fil,,"prompt_text, annotated_transcript",False
data/std047_g5_fil_chunk_04.wav,▶ PLAY AUDIO,,,,,5,fil,,"prompt_text, annotated_transcript",False
data/std047_g5_fil_chunk_05.wav,▶ PLAY AUDIO,,,,,5,fil,,"prompt_text, annotated_transcript",False
data/std047_g5_fil_chunk_06.wav,▶ PLAY AUDIO,,,,,5,fil,,"prompt_text, annotated_transcript",False
data/std047_g5_fil_chunk_07.wav,▶ PLAY AUDIO,,,,,5,fil,,"prompt_text, annotated_transcript",False
data/std047_g5_fil_chunk_08.wav,▶ PLAY AUDIO,,,,,5,fil,,"prompt_text, annotated_transcript",False
data/std047_g5_fil_chunk_09.wav,▶ PLAY AUDIO,,,,,5,fil,,"prompt_text, annotated_transcript",False
data/std048_g5_fil_chunk_01.wav,▶ PLAY AUDIO,,,,,5,fil,,"prompt_text, annotated_transcript",False
data/std048_g5_fil_chunk_02.wav,▶ PLAY AUDIO,,,,,5,fil,,"prompt_text, annotated_transcript",False
data/std048_g5_fil_chunk_03.wav,▶ PLAY AUDIO,,,,,5,fil,,"prompt_text, annotated_transcript",False
data/std048_g5_fil_chunk_04.wav,▶ PLAY AUDIO,,,,,5,fil,,"prompt_text, annotated_transcript",False
data/std048_g5_fil_chunk_05.wav,▶ PLAY AUDIO,,,,,5,fil,,"prompt_text, annotated_transcript",False
data/std048_g5_fil_chunk_06.wav,▶ PLAY AUDIO,,,,,5,fil,,"prompt_text, annotated_transcript",False
data/std048_g5_fil_chunk_07.wav,▶ PLAY AUDIO,,,,,5,fil,,"prompt_text, annotated_transcript",False
data/std048_g5_fil_chunk_08.wav,▶ PLAY AUDIO,,,,,5,fil,,"prompt_text, annotated_transcript",False
data/std048_g5_fil_chunk_09.wav,▶ PLAY AUDIO,,,,,5,fil,,"prompt_text, annotated_transcript",False
data/std048_g5_fil_chunk_10.wav,▶ PLAY AUDIO,,,,,5,fil,,"prompt_text, annotated_transcript",False
data/std048_g5_fil_chunk_11.wav,▶ PLAY AUDIO,,,,,5,fil,,"prompt_text, annotated_transcript",False
data/std048_g5_fil_chunk_12.wav,▶ PLAY AUDIO,,,,,5,fil,,"prompt_text, annotated_transcript",False
data/std048_g5_fil_chunk_13.wav,▶ PLAY AUDIO,,,,,5,fil,,"prompt_text, annotated_transcript",False
data/std048_g5_fil_chunk_14.wav,▶ PLAY AUDIO,,,,,5,fil,,"prompt_text, annotated_transcript",False
data/std048_g5_fil_chunk_15.wav,▶ PLAY AUDIO,,,,,5,fil,,"prompt_text, annotated_transcript",False
data/std048_g5_fil_chunk_16.wav,▶ PLAY AUDIO,,,,,5,fil,,"prompt_text, annotated_transcript",False
data/std048_g5_fil_chunk_17.wav,▶ PLAY AUDIO,,,,,5,fil,,"prompt_text, annotated_transcript",False
data/std048_g5_fil_chunk_18.wav,▶ PLAY AUDIO,,,,,5,fil,,"prompt_text, annotated_transcript",False
data/std048_g5_fil_chunk_19.wav,▶ PLAY AUDIO,,,,,5,fil,,"prompt_text, annotated_transcript",False
data/std048_g5_fil_chunk_20.wav,▶ PLAY AUDIO,,,,,5,fil,,"prompt_text, annotated_transcript",False
data/std048_g5_fil_chunk_21.wav,▶ PLAY AUDIO,,,,,5,fil,,"prompt_text, annotated_transcript",False
data/std048_g5_fil_chunk_22.wav,▶ PLAY AUDIO,,,,,5,fil,,"prompt_text, annotated_transcript",False
data/std048_g5_fil_chunk_23.wav,▶ PLAY AUDIO,,,,,5,fil,,"prompt_text, annotated_transcript",False
data/std048_g5_fil_chunk_24.wav,▶ PLAY AUDIO,,,,,5,fil,,"prompt_text, annotated_transcript",False
data/std048_g5_fil_chunk_25.wav,▶ PLAY AUDIO,,,,,5,fil,,"prompt_text, annotated_transcript",False
data/std048_g5_fil_chunk_26.wav,▶ PLAY AUDIO,,,,,5,fil,,"prompt_text, annotated_transcript",False
data/std049_g5_fil_chunk_06.wav,▶ PLAY AUDIO,,,,,5,fil,,"prompt_text, annotated_transcript",False
data/std049_g5_fil_chunk_07.wav,▶ PLAY AUDIO,,,,,5,fil,,"prompt_text, annotated_transcript",False
data/std049_g5_fil_chunk_08.wav,▶ PLAY AUDIO,,,,,5,fil,,"prompt_text, annotated_transcript",False
data/std049_g5_fil_chunk_09.wav,▶ PLAY AUDIO,,,,,5,fil,,"prompt_text, annotated_transcript",False
data/std049_g5_fil_chunk_10.wav,▶ PLAY AUDIO,,,,,5,fil,,"prompt_text, annotated_transcript",False
data/std049_g5_fil_chunk_11.wav,▶ PLAY AUDIO,,,,,5,fil,,"prompt_text, annotated_transcript",False
data/std049_g5_fil_chunk_12.wav,▶ PLAY AUDIO,,,,,5,fil,,"prompt_text, annotated_transcript",False
data/std049_g5_fil_chunk_13.wav,▶ PLAY AUDIO,,,,,5,fil,,"prompt_text, annotated_transcript",False
data/std049_g5_fil_chunk_14.wav,▶ PLAY AUDIO,,,,,5,fil,,"prompt_text, annotated_transcript",False
data/std049_g5_fil_chunk_15.wav,▶ PLAY AUDIO,,,,,5,fil,,"prompt_text, annotated_transcript",False
data/std049_g5_fil_chunk_16.wav,▶ PLAY AUDIO,,,,,5,fil,,"prompt_text, annotated_transcript",False
data/std050_g5_fil_chunk_01.wav,▶ PLAY AUDIO,,,,,5,fil,,"prompt_text, annotated_transcript",False
data/std050_g5_fil_chunk_02.wav,▶ PLAY AUDIO,,,,,5,fil,,"prompt_text, annotated_transcript",False
data/std050_g5_fil_chunk_03.wav,▶ PLAY AUDIO,,,,,5,fil,,"prompt_text, annotated_transcript",False
data/std050_g5_fil_chunk_04.wav,▶ PLAY AUDIO,,,,,5,fil,,"prompt_text, annotated_transcript",False
data/std050_g5_fil_chunk_05.wav,▶ PLAY AUDIO,,,,,5,fil,,"prompt_text, annotated_transcript",False
data/std050_g5_fil_chunk_06.wav,▶ PLAY AUDIO,,,,,5,fil,,"prompt_text, annotated_transcript",False
data/std050_g5_fil_chunk_07.wav,▶ PLAY AUDIO,,,,,5,fil,,"prompt_text, annotated_transcript",False
data/std050_g5_fil_chunk_08.wav,▶ PLAY AUDIO,,,,,5,fil,,"prompt_text, annotated_transcript",False
data/std050_g5_fil_chunk_09.wav,▶ PLAY AUDIO,,,,,5,fil,,"prompt_text, annotated_transcript",False
data/std050_g5_fil_chunk_10.wav,▶ PLAY AUDIO,,,,,5,fil,,"prompt_text, annotated_transcript",False
data/std050_g5_fil_chunk_11.wav,▶ PLAY AUDIO,,,,,5,fil,,"prompt_text, annotated_transcript",False
data/std050_g5_fil_chunk_12.wav,▶ PLAY AUDIO,,,,,5,fil,,"prompt_text, annotated_transcript",False
data/std050_g5_fil_chunk_13.wav,▶ PLAY AUDIO,,,,,5,fil,,"prompt_text, annotated_transcript",False
data/std050_g5_fil_chunk_14.wav,▶ PLAY AUDIO,,,,,5,fil,,"prompt_text, annotated_transcript",False
data/std051_g5_en_chunk_01.wav,▶ PLAY AUDIO,,,,,5,en,,"prompt_text, annotated_transcript",False
data/std051_g5_en_chunk_02.wav,▶ PLAY AUDIO,,,,,5,en,,"prompt_text, annotated_transcript",False
data/std051_g5_en_chunk_03.wav,▶ PLAY AUDIO,,,,,5,en,,"prompt_text, annotated_transcript",False
data/std051_g5_en_chunk_04.wav,▶ PLAY AUDIO,,,,,5,en,,"prompt_text, annotated_transcript",False
data/std052_g5_en_chunk_01.wav,▶ PLAY AUDIO,,,,,5,en,,"prompt_text, annotated_transcript",False
data/std052_g5_en_chunk_02.wav,▶ PLAY AUDIO,,,,,5,en,,"prompt_text, annotated_transcript",False
data/std052_g5_en_chunk_03.wav,▶ PLAY AUDIO,,,,,5,en,,"prompt_text, annotated_transcript",False
data/std052_g5_en_chunk_04.wav,▶ PLAY AUDIO,,,,,5,en,,"prompt_text, annotated_transcript",False
data/std053_g5_en_chunk_01.wav,▶ PLAY AUDIO,,,,,5,en,,"prompt_text, annotated_transcript",False
data/std053_g5_en_chunk_02.wav,▶ PLAY AUDIO,,,,,5,en,,"prompt_text, annotated_transcript",False
data/std053_g5_en_chunk_03.wav,▶ PLAY AUDIO,,,,,5,en,,"prompt_text, annotated_transcript",False
data/std053_g5_en_chunk_04.wav,▶ PLAY AUDIO,,,,,5,en,,"prompt_text, annotated_transcript",False
data/std053_g5_en_chunk_05.wav,▶ PLAY AUDIO,,,,,5,en,,"prompt_text, annotated_transcript",False
data/std053_g5_en_chunk_06.wav,▶ PLAY AUDIO,,,,,5,en,,"prompt_text, annotated_transcript",False
data/std053_g5_en_chunk_07.wav,▶ PLAY AUDIO,,,,,5,en,,"prompt_text, annotated_transcript",False
data/std053_g5_en_chunk_08.wav,▶ PLAY AUDIO,,,,,5,en,,"prompt_text, annotated_transcript",False
data/std054_g5_en_chunk_01.wav,▶ PLAY AUDIO,,,,,5,en,,"prompt_text, annotated_transcript",False
data/std054_g5_en_chunk_02.wav,▶ PLAY AUDIO,,,,,5,en,,"prompt_text, annotated_transcript",False
data/std054_g5_en_chunk_03.wav,▶ PLAY AUDIO,,,,,5,en,,"prompt_text, annotated_transcript",False
data/std054_g5_en_chunk_04.wav,▶ PLAY AUDIO,,,,,5,en,,"prompt_text, annotated_transcript",False
data/std054_g5_en_chunk_05.wav,▶ PLAY AUDIO,,,,,5,en,,"prompt_text, annotated_transcript",False
data/std054_g5_en_chunk_06.wav,▶ PLAY AUDIO,,,,,5,en,,"prompt_text, annotated_transcript",False
data/std054_g5_en_chunk_07.wav,▶ PLAY AUDIO,,,,,5,en,,"prompt_text, annotated_transcript",False
data/std054_g5_en_chunk_08.wav,▶ PLAY AUDIO,,,,,5,en,,"prompt_text, annotated_transcript",False
data/std054_g5_en_chunk_09.wav,▶ PLAY AUDIO,,,,,5,en,,"prompt_text, annotated_transcript",False
data/std054_g5_en_chunk_10.wav,▶ PLAY AUDIO,,,,,5,en,,"prompt_text, annotated_transcript",False
data/std054_g5_en_chunk_11.wav,▶ PLAY AUDIO,,,,,5,en,,"prompt_text, annotated_transcript",False
data/std054_g5_en_chunk_12.wav,▶ PLAY AUDIO,,,,,5,en,,"prompt_text, annotated_transcript",False
data/std055_g5_en_chunk_01.wav,▶ PLAY AUDIO,,,,,5,en,,"prompt_text, annotated_transcript",False
data/std055_g5_en_chunk_02.wav,▶ PLAY AUDIO,,,,,5,en,,"prompt_text, annotated_transcript",False
data/std055_g5_en_chunk_03.wav,▶ PLAY AUDIO,,,,,5,en,,"prompt_text, annotated_transcript",False
data/std055_g5_en_chunk_04.wav,▶ PLAY AUDIO,,,,,5,en,,"prompt_text, annotated_transcript",False
data/std055_g5_en_chunk_05.wav,▶ PLAY AUDIO,,,,,5,en,,"prompt_text, annotated_transcript",False
data/std055_g5_en_chunk_06.wav,▶ PLAY AUDIO,,,,,5,en,,"prompt_text, annotated_transcript",False
data/std055_g5_en_chunk_07.wav,▶ PLAY AUDIO,,,,,5,en,,"prompt_text, annotated_transcript",False
data/std055_g5_en_chunk_08.wav,▶ PLAY AUDIO,,,,,5,en,,"prompt_text, annotated_transcript",False
data/std055_g5_en_chunk_09.wav,▶ PLAY AUDIO,,,,,5,en,,"prompt_text, annotated_transcript",False
data/std055_g5_en_chunk_10.wav,▶ PLAY AUDIO,,,,,5,en,,"prompt_text, annotated_transcript",False
data/std055_g5_en_chunk_11.wav,▶ PLAY AUDIO,,,,,5,en,,"prompt_text, annotated_transcript",False
data/std055_g5_en_chunk_12.wav,▶ PLAY AUDIO,,,,,5,en,,"prompt_text, annotated_transcript",False
data/std056_g5_en_chunk_06.wav,▶ PLAY AUDIO,,,,,5,en,,"prompt_text, annotated_transcript",False
data/std057_g5_en_chunk_01.wav,▶ PLAY AUDIO,,,,,5,en,,"prompt_text, annotated_transcript",False
data/std057_g5_en_chunk_02.wav,▶ PLAY AUDIO,,,,,5,en,,"prompt_text, annotated_transcript",False
data/std057_g5_en_chunk_03.wav,▶ PLAY AUDIO,,,,,5,en,,"prompt_text, annotated_transcript",False
data/std056_g6_en_chunk_01.wav,▶ PLAY AUDIO,,,,,6,en,,"prompt_text, annotated_transcript",False
data/std056_g6_en_chunk_02.wav,▶ PLAY AUDIO,,,,,6,en,,"prompt_text, annotated_transcript",False
data/std056_g6_en_chunk_03.wav,▶ PLAY AUDIO,,,,,6,en,,"prompt_text, annotated_transcript",False
data/std056_g6_en_chunk_04.wav,▶ PLAY AUDIO,,,,,6,en,,"prompt_text, annotated_transcript",False
data/std056_g6_en_chunk_05.wav,▶ PLAY AUDIO,,,,,6,en,,"prompt_text, annotated_transcript",False
data/std056_g6_en_chunk_06.wav,▶ PLAY AUDIO,,,,,6,en,,"prompt_text, annotated_transcript",False
data/std056_g6_fil_chunk_01.wav,▶ PLAY AUDIO,,,,,6,fil,,"prompt_text, annotated_transcript",False
data/std056_g6_fil_chunk_02.wav,▶ PLAY AUDIO,,,,,6,fil,,"prompt_text, annotated_transcript",False
data/std057_g6_en_chunk_01.wav,▶ PLAY AUDIO,,,,,6,en,,"prompt_text, annotated_transcript",False
data/std057_g6_en_chunk_02.wav,▶ PLAY AUDIO,,,,,6,en,,"prompt_text, annotated_transcript",False
data/std057_g6_en_chunk_03.wav,▶ PLAY AUDIO,,,,,6,en,,"prompt_text, annotated_transcript",False
data/std057_g6_en_chunk_04.wav,▶ PLAY AUDIO,,,,,6,en,,"prompt_text, annotated_transcript",False
data/std057_g6_en_chunk_05.wav,▶ PLAY AUDIO,,,,,6,en,,"prompt_text, annotated_transcript",False
data/std057_g6_en_chunk_06.wav,▶ PLAY AUDIO,,,,,6,en,,"prompt_text, annotated_transcript",False
data/std057_g6_fil_chunk_01.wav,▶ PLAY AUDIO,,,,,6,fil,,"prompt_text, annotated_transcript",False
data/std057_g6_fil_chunk_02.wav,▶ PLAY AUDIO,,,,,6,fil,,"prompt_text, annotated_transcript",False
data/std058_g6_en_chunk_01.wav,▶ PLAY AUDIO,,,,,6,en,,"prompt_text, annotated_transcript",False
data/std058_g6_en_chunk_02.wav,▶ PLAY AUDIO,,,,,6,en,,"prompt_text, annotated_transcript",False
data/std058_g6_en_chunk_03.wav,▶ PLAY AUDIO,,,,,6,en,,"prompt_text, annotated_transcript",False
data/std058_g6_en_chunk_04.wav,▶ PLAY AUDIO,,,,,6,en,,"prompt_text, annotated_transcript",False
data/std058_g6_en_chunk_05.wav,▶ PLAY AUDIO,,,,,6,en,,"prompt_text, annotated_transcript",False
data/std058_g6_en_chunk_06.wav,▶ PLAY AUDIO,,,,,6,en,,"prompt_text, annotated_transcript",False
data/std058_g6_fil_chunk_01.wav,▶ PLAY AUDIO,,,,,6,fil,,"prompt_text, annotated_transcript",False
data/std058_g6_fil_chunk_02.wav,▶ PLAY AUDIO,,,,,6,fil,,"prompt_text, annotated_transcript",False
data/std059_g6_en_chunk_01.wav,▶ PLAY AUDIO,,,,,6,en,,"prompt_text, annotated_transcript",False
data/std059_g6_en_chunk_02.wav,▶ PLAY AUDIO,,,,,6,en,,"prompt_text, annotated_transcript",False
data/std059_g6_en_chunk_03.wav,▶ PLAY AUDIO,,,,,6,en,,"prompt_text, annotated_transcript",False
data/std059_g6_en_chunk_04.wav,▶ PLAY AUDIO,,,,,6,en,,"prompt_text, annotated_transcript",False
data/std059_g6_en_chunk_05.wav,▶ PLAY AUDIO,,,,,6,en,,"prompt_text, annotated_transcript",False
data/std059_g6_en_chunk_06.wav,▶ PLAY AUDIO,,,,,6,en,,"prompt_text, annotated_transcript",False
data/std060_g6_en_chunk_01.wav,▶ PLAY AUDIO,,,,,6,en,,"prompt_text, annotated_transcript",False
data/std060_g6_en_chunk_02.wav,▶ PLAY AUDIO,,,,,6,en,,"prompt_text, annotated_transcript",False
data/std060_g6_en_chunk_03.wav,▶ PLAY AUDIO,,,,,6,en,,"prompt_text, annotated_transcript",False
data/std060_g6_en_chunk_04.wav,▶ PLAY AUDIO,,,,,6,en,,"prompt_text, annotated_transcript",False
data/std060_g6_en_chunk_05.wav,▶ PLAY AUDIO,,,,,6,en,,"prompt_text, annotated_transcript",False
data/std060_g6_en_chunk_06.wav,▶ PLAY AUDIO,,,,,6,en,,"prompt_text, annotated_transcript",False
data/std061_g6_en_chunk_01.wav,▶ PLAY AUDIO,,,,,6,en,,"prompt_text, annotated_transcript",False
data/std061_g6_en_chunk_02.wav,▶ PLAY AUDIO,,,,,6,en,,"prompt_text, annotated_transcript",False
data/std061_g6_en_chunk_03.wav,▶ PLAY AUDIO,,,,,6,en,,"prompt_text, annotated_transcript",False
data/std061_g6_en_chunk_04.wav,▶ PLAY AUDIO,,,,,6,en,,"prompt_text, annotated_transcript",False
data/std061_g6_en_chunk_05.wav,▶ PLAY AUDIO,,,,,6,en,,"prompt_text, annotated_transcript",False
data/std061_g6_en_chunk_06.wav,▶ PLAY AUDIO,,,,,6,en,,"prompt_text, annotated_transcript",False
data/std061_g6_en_chunk_07.wav,▶ PLAY AUDIO,,,,,6,en,,"prompt_text, annotated_transcript",False
data/std061_g6_en_chunk_08.wav,▶ PLAY AUDIO,,,,,6,en,,"prompt_text, annotated_transcript",False
data/std062_g6_en_chunk_01.wav,▶ PLAY AUDIO,,,,,6,en,,"prompt_text, annotated_transcript",False
data/std062_g6_en_chunk_02.wav,▶ PLAY AUDIO,,,,,6,en,,"prompt_text, annotated_transcript",False
data/std062_g6_en_chunk_03.wav,▶ PLAY AUDIO,,,,,6,en,,"prompt_text, annotated_transcript",False
data/std062_g6_en_chunk_04.wav,▶ PLAY AUDIO,,,,,6,en,,"prompt_text, annotated_transcript",False
data/std062_g6_en_chunk_05.wav,▶ PLAY AUDIO,,,,,6,en,,"prompt_text, annotated_transcript",False
data/std062_g6_en_chunk_06.wav,▶ PLAY AUDIO,,,,,6,en,,"prompt_text, annotated_transcript",False
data/std062_g6_en_chunk_07.wav,▶ PLAY AUDIO,,,,,6,en,,"prompt_text, annotated_transcript",False
data/std062_g6_en_chunk_08.wav,▶ PLAY AUDIO,,,,,6,en,,"prompt_text, annotated_transcript",False
data/std063_g6_en_chunk_01.wav,▶ PLAY AUDIO,,,,,6,en,,"prompt_text, annotated_transcript",False
data/std063_g6_en_chunk_02.wav,▶ PLAY AUDIO,,,,,6,en,,"prompt_text, annotated_transcript",False
data/std063_g6_en_chunk_03.wav,▶ PLAY AUDIO,,,,,6,en,,"prompt_text, annotated_transcript",False
data/std063_g6_en_chunk_04.wav,▶ PLAY AUDIO,,,,,6,en,,"prompt_text, annotated_transcript",False
data/std063_g6_en_chunk_05.wav,▶ PLAY AUDIO,,,,,6,en,,"prompt_text, annotated_transcript",False
data/std063_g6_en_chunk_06.wav,▶ PLAY AUDIO,,,,,6,en,,"prompt_text, annotated_transcript",False
data/std063_g6_en_chunk_07.wav,▶ PLAY AUDIO,,,,,6,en,,"prompt_text, annotated_transcript",False
data/std063_g6_en_chunk_08.wav,▶ PLAY AUDIO,,,,,6,en,,"prompt_text, annotated_transcript",False
data/std064_g6_en_chunk_01.wav,▶ PLAY AUDIO,,,,,6,en,,"prompt_text, annotated_transcript",False
data/std064_g6_en_chunk_02.wav,▶ PLAY AUDIO,,,,,6,en,,"prompt_text, annotated_transcript",False
data/std064_g6_en_chunk_03.wav,▶ PLAY AUDIO,,,,,6,en,,"prompt_text, annotated_transcript",False
data/std064_g6_en_chunk_04.wav,▶ PLAY AUDIO,,,,,6,en,,"prompt_text, annotated_transcript",False
data/std064_g6_en_chunk_05.wav,▶ PLAY AUDIO,,,,,6,en,,"prompt_text, annotated_transcript",False
data/std064_g6_en_chunk_06.wav,▶ PLAY AUDIO,,,,,6,en,,"prompt_text, annotated_transcript",False
data/std064_g6_en_chunk_07.wav,▶ PLAY AUDIO,,,,,6,en,,"prompt_text, annotated_transcript",False
data/std064_g6_en_chunk_08.wav,▶ PLAY AUDIO,,,,,6,en,,"prompt_text, annotated_transcript",False
data/std065_g6_en_chunk_01.wav,▶ PLAY AUDIO,,,,,6,en,,"prompt_text, annotated_transcript",False
data/std065_g6_en_chunk_02.wav,▶ PLAY AUDIO,,,,,6,en,,"prompt_text, annotated_transcript",False
data/std066_g6_en_chunk_01.wav,▶ PLAY AUDIO,,,,,6,en,,"prompt_text, annotated_transcript",False
data/std066_g6_en_chunk_02.wav,▶ PLAY AUDIO,,,,,6,en,,"prompt_text, annotated_transcript",False
data/std067_g6_en_chunk_01.wav,▶ PLAY AUDIO,,,,,6,en,,"prompt_text, annotated_transcript",False
data/std067_g6_en_chunk_02.wav,▶ PLAY AUDIO,,,,,6,en,,"prompt_text, annotated_transcript",False
data/std068_g6_en_chunk_01.wav,▶ PLAY AUDIO,,,,,6,en,,"prompt_text, annotated_transcript",False
data/std068_g6_en_chunk_02.wav,▶ PLAY AUDIO,,,,,6,en,,"prompt_text, annotated_transcript",False
data/std069_g6_en_chunk_01.wav,▶ PLAY AUDIO,,,,,6,en,,"prompt_text, annotated_transcript",False
data/std069_g6_en_chunk_02.wav,▶ PLAY AUDIO,,,,,6,en,,"prompt_text, annotated_transcript",False
data/std070_g6_fil_chunk_01.wav,▶ PLAY AUDIO,,,,,6,fil,,"prompt_text, annotated_transcript",False
data/std070_g6_fil_chunk_02.wav,▶ PLAY AUDIO,,,,,6,fil,,"prompt_text, annotated_transcript",False
data/std070_g6_fil_chunk_03.wav,▶ PLAY AUDIO,,,,,6,fil,,"prompt_text, annotated_transcript",False
data/std070_g6_fil_chunk_04.wav,▶ PLAY AUDIO,,,,,6,fil,,"prompt_text, annotated_transcript",False
data/std070_g6_fil_chunk_05.wav,▶ PLAY AUDIO,,,,,6,fil,,"prompt_text, annotated_transcript",False
data/std070_g6_fil_chunk_06.wav,▶ PLAY AUDIO,,,,,6,fil,,"prompt_text, annotated_transcript",False
data/std070_g6_fil_chunk_07.wav,▶ PLAY AUDIO,,,,,6,fil,,"prompt_text, annotated_transcript",False
data/std070_g6_fil_chunk_08.wav,▶ PLAY AUDIO,,,,,6,fil,,"prompt_text, annotated_transcript",False
data/std070_g6_fil_chunk_09.wav,▶ PLAY AUDIO,,,,,6,fil,,"prompt_text, annotated_transcript",False
data/std070_g6_fil_chunk_10.wav,▶ PLAY AUDIO,,,,,6,fil,,"prompt_text, annotated_transcript",False
data/std070_g6_fil_chunk_11.wav,▶ PLAY AUDIO,,,,,6,fil,,"prompt_text, annotated_transcript",False
data/std070_g6_fil_chunk_12.wav,▶ PLAY AUDIO,,,,,6,fil,,"prompt_text, annotated_transcript",False
data/std070_g6_fil_chunk_13.wav,▶ PLAY AUDIO,,,,,6,fil,,"prompt_text, annotated_transcript",False
data/std071_g6_fil_chunk_01.wav,▶ PLAY AUDIO,,,,,6,fil,,"prompt_text, annotated_transcript",False
data/std071_g6_fil_chunk_02.wav,▶ PLAY AUDIO,,,,,6,fil,,"prompt_text, annotated_transcript",False
data/std071_g6_fil_chunk_03.wav,▶ PLAY AUDIO,,,,,6,fil,,"prompt_text, annotated_transcript",False
data/std071_g6_fil_chunk_04.wav,▶ PLAY AUDIO,,,,,6,fil,,"prompt_text, annotated_transcript",False
data/std071_g6_fil_chunk_05.wav,▶ PLAY AUDIO,,,,,6,fil,,"prompt_text, annotated_transcript",False
data/std071_g6_fil_chunk_06.wav,▶ PLAY AUDIO,,,,,6,fil,,"prompt_text, annotated_transcript",False
data/std071_g6_fil_chunk_07.wav,▶ PLAY AUDIO,,,,,6,fil,,"prompt_text, annotated_transcript",False
data/std071_g6_fil_chunk_08.wav,▶ PLAY AUDIO,,,,,6,fil,,"prompt_text, annotated_transcript",False
data/std071_g6_fil_chunk_09.wav,▶ PLAY AUDIO,,,,,6,fil,,"prompt_text, annotated_transcript",False
data/std071_g6_fil_chunk_10.wav,▶ PLAY AUDIO,,,,,6,fil,,"prompt_text, annotated_transcript",False
data/std072_g6_fil_chunk_01.wav,▶ PLAY AUDIO,,,,,6,fil,,"prompt_text, annotated_transcript",False
data/std072_g6_fil_chunk_02.wav,▶ PLAY AUDIO,,,,,6,fil,,"prompt_text, annotated_transcript",False
data/std072_g6_fil_chunk_03.wav,▶ PLAY AUDIO,,,,,6,fil,,"prompt_text, annotated_transcript",False
data/std072_g6_fil_chunk_04.wav,▶ PLAY AUDIO,,,,,6,fil,,"prompt_text, annotated_transcript",False
data/std072_g6_fil_chunk_05.wav,▶ PLAY AUDIO,,,,,6,fil,,"prompt_text, annotated_transcript",False
data/std072_g6_fil_chunk_06.wav,▶ PLAY AUDIO,,,,,6,fil,,"prompt_text, annotated_transcript",False
data/std072_g6_fil_chunk_07.wav,▶ PLAY AUDIO,,,,,6,fil,,"prompt_text, annotated_transcript",False
data/std072_g6_fil_chunk_08.wav,▶ PLAY AUDIO,,,,,6,fil,,"prompt_text, annotated_transcript",False
data/std072_g6_fil_chunk_09.wav,▶ PLAY AUDIO,,,,,6,fil,,"prompt_text, annotated_transcript",False
data/std072_g6_fil_chunk_10.wav,▶ PLAY AUDIO,,,,,6,fil,,"prompt_text, annotated_transcript",False
data/std072_g6_fil_chunk_11.wav,▶ PLAY AUDIO,,,,,6,fil,,"prompt_text, annotated_transcript",False
data/std073_g6_fil_chunk_01.wav,▶ PLAY AUDIO,,,,,6,fil,,"prompt_text, annotated_transcript",False
data/std073_g6_fil_chunk_02.wav,▶ PLAY AUDIO,,,,,6,fil,,"prompt_text, annotated_transcript",False
data/std073_g6_fil_chunk_03.wav,▶ PLAY AUDIO,,,,,6,fil,,"prompt_text, annotated_transcript",False
data/std073_g6_fil_chunk_04.wav,▶ PLAY AUDIO,,,,,6,fil,,"prompt_text, annotated_transcript",False
data/std073_g6_fil_chunk_05.wav,▶ PLAY AUDIO,,,,,6,fil,,"prompt_text, annotated_transcript",False
data/std073_g6_fil_chunk_06.wav,▶ PLAY AUDIO,,,,,6,fil,,"prompt_text, annotated_transcript",False
data/std073_g6_fil_chunk_07.wav,▶ PLAY AUDIO,,,,,6,fil,,"prompt_text, annotated_transcript",False
data/std073_g6_fil_chunk_08.wav,▶ PLAY AUDIO,,,,,6,fil,,"prompt_text, annotated_transcript",False
data/std073_g6_fil_chunk_09.wav,▶ PLAY AUDIO,,,,,6,fil,,"prompt_text, annotated_transcript",False
data/std073_g6_fil_chunk_10.wav,▶ PLAY AUDIO,,,,,6,fil,,"prompt_text, annotated_transcript",False
data/std073_g6_fil_chunk_11.wav,▶ PLAY AUDIO,,,,,6,fil,,"prompt_text, annotated_transcript",False
data/std073_g6_fil_chunk_12.wav,▶ PLAY AUDIO,,,,,6,fil,,"prompt_text, annotated_transcript",False
data/std074_g6_fil_chunk_01.wav,▶ PLAY AUDIO,,,,,6,fil,,"prompt_text, annotated_transcript",False
data/std074_g6_fil_chunk_02.wav,▶ PLAY AUDIO,,,,,6,fil,,"prompt_text, annotated_transcript",False
data/std074_g6_fil_chunk_03.wav,▶ PLAY AUDIO,,,,,6,fil,,"prompt_text, annotated_transcript",False
data/std074_g6_fil_chunk_04.wav,▶ PLAY AUDIO,,,,,6,fil,,"prompt_text, annotated_transcript",False
data/std075_g6_fil_chunk_01.wav,▶ PLAY AUDIO,,,,,6,fil,,"prompt_text, annotated_transcript",False
data/std075_g6_fil_chunk_02.wav,▶ PLAY AUDIO,,,,,6,fil,,"prompt_text, annotated_transcript",False
data/std075_g6_fil_chunk_03.wav,▶ PLAY AUDIO,,,,,6,fil,,"prompt_text, annotated_transcript",False
data/std075_g6_fil_chunk_04.wav,▶ PLAY AUDIO,,,,,6,fil,,"prompt_text, annotated_transcript",False
data/std076_g6_fil_chunk_01.wav,▶ PLAY AUDIO,,,,,6,fil,,"prompt_text, annotated_transcript",False
data/std076_g6_fil_chunk_02.wav,▶ PLAY AUDIO,,,,,6,fil,,"prompt_text, annotated_transcript",False
data/std077_g6_fil_chunk_01.wav,▶ PLAY AUDIO,,,,,6,fil,,"prompt_text, annotated_transcript",False
data/std077_g6_fil_chunk_02.wav,▶ PLAY AUDIO,,,,,6,fil,,"prompt_text, annotated_transcript",False
data/std078_g6_fil_chunk_01.wav,▶ PLAY AUDIO,,,,,6,fil,,"prompt_text, annotated_transcript",False
data/std078_g6_fil_chunk_02.wav,▶ PLAY AUDIO,,,,,6,fil,,"prompt_text, annotated_transcript",False
data/std079_g6_fil_chunk_01.wav,▶ PLAY AUDIO,,,,,6,fil,,"prompt_text, annotated_transcript",False
data/std079_g6_fil_chunk_02.wav,▶ PLAY AUDIO,,,,,6,fil,,"prompt_text, annotated_transcript",False
data/std079_g6_fil_chunk_03.wav,▶ PLAY AUDIO,,,,,6,fil,,"prompt_text, annotated_transcript",False
data/std079_g6_fil_chunk_04.wav,▶ PLAY AUDIO,,,,,6,fil,,"prompt_text, annotated_transcript",False
data/std080_g6_fil_chunk_01.wav,▶ PLAY AUDIO,,,,,6,fil,,"prompt_text, annotated_transcript",False
data/std080_g6_fil_chunk_02.wav,▶ PLAY AUDIO,,,,,6,fil,,"prompt_text, annotated_transcript",False
data/std080_g6_fil_chunk_03.wav,▶ PLAY AUDIO,,,,,6,fil,,"prompt_text, annotated_transcript",False
data/std080_g6_fil_chunk_04.wav,▶ PLAY AUDIO,,,,,6,fil,,"prompt_text, annotated_transcript",False
data/std081_g6_fil_chunk_01.wav,▶ PLAY AUDIO,,,,,6,fil,,"prompt_text, annotated_transcript",False
data/std081_g6_fil_chunk_02.wav,▶ PLAY AUDIO,,,,,6,fil,,"prompt_text, annotated_transcript",False
data/std082_g6_fil_chunk_01.wav,▶ PLAY AUDIO,,,,,6,fil,,"prompt_text, annotated_transcript",False
data/std082_g6_fil_chunk_02.wav,▶ PLAY AUDIO,,,,,6,fil,,"prompt_text, annotated_transcript",False
data/std082_g6_fil_chunk_03.wav,▶ PLAY AUDIO,,,,,6,fil,,"prompt_text, annotated_transcript",False
data/std082_g6_fil_chunk_04.wav,▶ PLAY AUDIO,,,,,6,fil,,"prompt_text, annotated_transcript",False
data/std083_g6_fil_chunk_01.wav,▶ PLAY AUDIO,,,,,6,fil,,"prompt_text, annotated_transcript",False
data/std083_g6_fil_chunk_02.wav,▶ PLAY AUDIO,,,,,6,fil,,"prompt_text, annotated_transcript",False
data/std084_g6_fil_chunk_01.wav,▶ PLAY AUDIO,,,,,6,fil,,"prompt_text, annotated_transcript",False
data/std084_g6_fil_chunk_02.wav,▶ PLAY AUDIO,,,,,6,fil,,"prompt_text, annotated_transcript",False
data/std084_g6_fil_chunk_03.wav,▶ PLAY AUDIO,,,,,6,fil,,"prompt_text, annotated_transcript",False
data/std084_g6_fil_chunk_04.wav,▶ PLAY AUDIO,,,,,6,fil,,"prompt_text, annotated_transcript",False
data/std085_g6_fil_chunk_01.wav,▶ PLAY AUDIO,,,,,6,fil,,"prompt_text, annotated_transcript",False
data/std085_g6_fil_chunk_02.wav,▶ PLAY AUDIO,,,,,6,fil,,"prompt_text, annotated_transcript",False
data/std086_g6_fil_chunk_01.wav,▶ PLAY AUDIO,,,,,6,fil,,"prompt_text, annotated_transcript",False
data/std086_g6_fil_chunk_02.wav,▶ PLAY AUDIO,,,,,6,fil,,"prompt_text, annotated_transcript",False
data/std087_g6_fil_chunk_01.wav,▶ PLAY AUDIO,,,,,6,fil,,"prompt_text, annotated_transcript",False
data/std087_g6_fil_chunk_02.wav,▶ PLAY AUDIO,,,,,6,fil,,"prompt_text, annotated_transcript",False
data/std087_g6_fil_chunk_03.wav,▶ PLAY AUDIO,,,,,6,fil,,"prompt_text, annotated_transcript",False
data/std087_g6_fil_chunk_04.wav,▶ PLAY AUDIO,,,,,6,fil,,"prompt_text, annotated_transcript",False
data/std088_g6_fil_chunk_01.wav,▶ PLAY AUDIO,,,,,6,fil,,"prompt_text, annotated_transcript",False
data/std088_g6_fil_chunk_02.wav,▶ PLAY AUDIO,,,,,6,fil,,"prompt_text, annotated_transcript",False
data/std088_g6_fil_chunk_03.wav,▶ PLAY AUDIO,,,,,6,fil,,"prompt_text, annotated_transcript",False
data/std088_g6_fil_chunk_04.wav,▶ PLAY AUDIO,,,,,6,fil,,"prompt_text, annotated_transcript",False
data/std089_g6_fil_chunk_01.wav,▶ PLAY AUDIO,,,,,6,fil,,"prompt_text, annotated_transcript",False
data/std089_g6_fil_chunk_02.wav,▶ PLAY AUDIO,,,,,6,fil,,"prompt_text, annotated_transcript",False
data/std089_g6_fil_chunk_03.wav,▶ PLAY AUDIO,,,,,6,fil,,"prompt_text, annotated_transcript",False
data/std089_g6_fil_chunk_04.wav,▶ PLAY AUDIO,,,,,6,fil,,"prompt_text, annotated_transcript",False
data/std090_g6_fil_chunk_01.wav,▶ PLAY AUDIO,,,,,6,fil,,"prompt_text, annotated_transcript",False
data/std090_g6_fil_chunk_02.wav,▶ PLAY AUDIO,,,,,6,fil,,"prompt_text, annotated_transcript",False
data/std091_g6_fil_chunk_01.wav,▶ PLAY AUDIO,,,,,6,fil,,"prompt_text, annotated_transcript",False
data/std094_g6_en_chunk_06.wav,▶ PLAY AUDIO,,,,,6,en,,"prompt_text, annotated_transcript",False
data/std094_g6_en_chunk_07.wav,▶ PLAY AUDIO,,,,,6,en,,"prompt_text, annotated_transcript",False
data/std094_g6_en_chunk_08.wav,▶ PLAY AUDIO,,,,,6,en,,"prompt_text, annotated_transcript",False
