original_file,a_file,a_dur_sec,b_file,b_dur_sec,orig_dur_sec
std010_g4_fil_chunk_16.wav,std010_g4_fil_chunk_16a.wav,21.1,std010_g4_fil_chunk_16b.wav,21.1,42.2
std010_g4_fil_chunk_17.wav,std010_g4_fil_chunk_17a.wav,21.1,std010_g4_fil_chunk_17b.wav,21.1,42.2
std013_g4_fil_chunk_09.wav,std013_g4_fil_chunk_09a.wav,15.2,std013_g4_fil_chunk_09b.wav,15.2,30.4
std013_g4_fil_chunk_10.wav,std013_g4_fil_chunk_10a.wav,15.2,std013_g4_fil_chunk_10b.wav,15.2,30.4
std013_g4_fil_chunk_13.wav,std013_g4_fil_chunk_13a.wav,15.2,std013_g4_fil_chunk_13b.wav,15.2,30.4
std014_g4_fil_chunk_10.wav,std014_g4_fil_chunk_10a.wav,15.0,std014_g4_fil_chunk_10b.wav,15.0,30.0
std015_g4_fil_chunk_04.wav,std015_g4_fil_chunk_04a.wav,15.1,std015_g4_fil_chunk_04b.wav,15.1,30.1
std021_g4_en_chunk_01.wav,std021_g4_en_chunk_01a.wav,15.8,std021_g4_en_chunk_01b.wav,15.8,31.6
std021_g4_en_chunk_02.wav,std021_g4_en_chunk_02a.wav,15.8,std021_g4_en_chunk_02b.wav,15.8,31.6
std021_g4_en_chunk_04.wav,std021_g4_en_chunk_04a.wav,15.7,std021_g4_en_chunk_04b.wav,15.7,31.4
std021_g4_en_chunk_05.wav,std021_g4_en_chunk_05a.wav,15.7,std021_g4_en_chunk_05b.wav,15.7,31.4
std022_g4_en_chunk_01.wav,std022_g4_en_chunk_01a.wav,16.1,std022_g4_en_chunk_01b.wav,16.1,32.3
std022_g4_en_chunk_02.wav,std022_g4_en_chunk_02a.wav,16.1,std022_g4_en_chunk_02b.wav,16.1,32.3
std023_g4_en_chunk_01.wav,std023_g4_en_chunk_01a.wav,16.0,std023_g4_en_chunk_01b.wav,16.0,32.0
std023_g4_en_chunk_02.wav,std023_g4_en_chunk_02a.wav,16.0,std023_g4_en_chunk_02b.wav,16.0,32.0
std028_g4_en_chunk_01.wav,std028_g4_en_chunk_01a.wav,15.6,std028_g4_en_chunk_01b.wav,15.6,31.2
std028_g4_en_chunk_02.wav,std028_g4_en_chunk_02a.wav,15.6,std028_g4_en_chunk_02b.wav,15.6,31.2
std032_g4_en_chunk_01.wav,std032_g4_en_chunk_01a.wav,19.0,std032_g4_en_chunk_01b.wav,19.0,38.0
std032_g4_en_chunk_02.wav,std032_g4_en_chunk_02a.wav,19.0,std032_g4_en_chunk_02b.wav,19.0,38.0
std040_g4_fil_chunk_04.wav,std040_g4_fil_chunk_04a.wav,15.4,std040_g4_fil_chunk_04b.wav,15.4,30.9
std040_g4_fil_chunk_05.wav,std040_g4_fil_chunk_05a.wav,15.1,std040_g4_fil_chunk_05b.wav,15.1,30.2
std041_g4_fil_chunk_15.wav,std041_g4_fil_chunk_15a.wav,15.1,std041_g4_fil_chunk_15b.wav,15.1,30.2
