file_name,grade_level,language,accuracy_rate,words_per_minute,fluency_score,substitution_rate,omission_rate,insertion_rate,phonetic_error_rate,vowel_error_rate,blend_error_rate,self_correction_rate,pause_frequency,prosody_score,flagged_hyphenated_tokens,total_words,correct_words,total_errors,duration_sec,provisional_weakness_label,teacher_confirmed_label,prosody_score_teacher,reduplication_review,click_to_play
data/std001_g3_en_chunk_01.wav,3,en,76.47,69.0,9.0,0.206,0.029,0.029,0.0,0.571,0.143,0.0,0.0,,,34,26,9,22.62,1,,,,▶ PLAY AUDIO
data/std001_g3_en_chunk_02.wav,3,en,69.44,60.3,7.5,0.222,0.083,0.0,0.125,0.625,0.125,0.0,0.0,,,36,25,11,24.89,1,,,,▶ PLAY AUDIO
data/std001_g3_en_chunk_03.wav,3,en,61.76,50.5,7.5,0.324,0.059,0.0,0.0,0.455,0.364,0.0,0.0,,,34,21,13,24.93,2,,,,▶ PLAY AUDIO
data/std001_g3_en_chunk_04.wav,3,en,100.0,105.5,10.0,0.0,0.0,0.0,0.0,0.0,0.0,0.0,0.0,,,41,41,0,23.31,0,,,,▶ PLAY AUDIO
data/std001_g3_en_chunk_05.wav,3,en,64.29,68.4,7.5,0.19,0.167,0.048,0.125,0.375,0.25,0.0,0.0,,,42,27,17,23.68,2,,,,▶ PLAY AUDIO
data/std001_g3_en_chunk_06.wav,3,en,60.0,23.1,5.0,0.2,0.2,0.067,0.0,0.333,0.333,0.0,0.0,,,15,9,7,23.42,3,,,,▶ PLAY AUDIO
data/std001_g3_fil_chunk_01.wav,3,fil,81.82,27.0,4.5,0.182,0.0,0.0,0.0,0.0,0.5,0.091,0.091,,bi-bituin,11,9,2,20.0,3,,,,▶ PLAY AUDIO
data/std001_g3_fil_chunk_02.wav,3,fil,54.55,18.0,4.5,0.364,0.091,0.182,0.0,0.0,0.25,0.091,0.0,,araw-araw,11,6,7,20.0,2,,,,▶ PLAY AUDIO
data/std001_g3_fil_chunk_03.wav,3,fil,50.0,20.3,5.0,0.3,0.2,0.1,0.0,0.667,0.0,0.0,0.0,,,10,5,6,14.74,2,,,,▶ PLAY AUDIO
data/std001_g3_fil_chunk_04.wav,3,fil,75.0,27.0,6.5,0.25,0.0,0.0,0.0,0.333,0.0,0.0,0.0,,,12,9,3,20.0,3,,,,▶ PLAY AUDIO
data/std001_g3_fil_chunk_05.wav,3,fil,60.0,22.3,5.0,0.3,0.1,0.2,0.0,0.333,0.0,0.0,0.0,,,10,6,6,16.11,2,,,,▶ PLAY AUDIO
data/std001_g3_fil_chunk_06.wav,3,fil,94.44,56.0,8.5,0.056,0.0,0.0,0.0,0.0,0.0,0.056,0.0,,ni-niya,18,17,1,18.2,3,,,,▶ PLAY AUDIO
data/std001_g3_fil_chunk_07.wav,3,fil,87.5,45.0,8.0,0.125,0.0,0.0,0.0,0.0,0.0,0.0,0.0,,,8,7,1,9.33,3,,,,▶ PLAY AUDIO
data/std001_g3_fil_chunk_08.wav,3,fil,50.0,21.0,5.0,0.5,0.0,0.0,0.143,0.0,0.286,0.0,0.0,,,14,7,7,20.0,2,,,,▶ PLAY AUDIO
data/std001_g3_fil_chunk_09.wav,3,fil,63.64,21.0,4.5,0.182,0.182,0.182,0.0,0.5,0.5,0.091,0.0,,ma-marami,11,7,6,20.0,3,,,,▶ PLAY AUDIO
data/std001_g3_fil_chunk_10.wav,3,fil,100.0,63.0,7.0,0.0,0.0,0.0,0.0,0.0,0.0,0.048,0.048,,ang-ang,21,21,0,20.0,3,,,,▶ PLAY AUDIO
data/std001_g3_fil_chunk_11.wav,3,fil,88.89,48.0,6.5,0.111,0.0,0.0,0.0,1.0,0.0,0.0,0.056,,,18,16,2,20.0,1,,,,▶ PLAY AUDIO
data/std001_g3_fil_chunk_12.wav,3,fil,46.15,18.0,4.5,0.462,0.077,0.154,0.0,0.333,0.0,0.077,0.0,,ma-mahalin,13,6,9,20.0,2,,,,▶ PLAY AUDIO
data/std001_g3_fil_chunk_13.wav,3,fil,70.0,21.0,3.5,0.2,0.1,0.1,0.0,1.0,0.0,0.0,0.1,,,10,7,4,20.0,3,,,,▶ PLAY AUDIO
data/std001_g3_fil_chunk_14.wav,3,fil,27.27,9.0,5.0,0.636,0.091,0.273,0.286,0.143,0.0,0.0,0.0,,,11,3,11,20.0,2,,,,▶ PLAY AUDIO
data/std001_g3_fil_chunk_15.wav,3,fil,50.0,12.0,3.0,0.5,0.0,0.125,0.5,0.0,0.0,0.125,0.125,,ma-marami,8,4,5,20.0,2,,,,▶ PLAY AUDIO
data/std001_g3_fil_chunk_16.wav,3,fil,66.67,24.0,3.5,0.333,0.0,0.0,0.0,0.25,0.25,0.0,0.083,,,12,8,4,20.0,3,,,,▶ PLAY AUDIO
data/std001_g3_fil_chunk_17.wav,3,fil,76.92,30.0,6.5,0.231,0.0,0.0,0.0,1.0,0.0,0.0,0.077,,,13,10,3,20.0,1,,,,▶ PLAY AUDIO
data/std001_g3_fil_chunk_18.wav,3,fil,60.0,27.0,5.0,0.333,0.067,0.2,0.2,0.2,0.0,0.0,0.0,,,15,9,9,20.0,2,,,,▶ PLAY AUDIO
data/std001_g3_fil_chunk_19.wav,3,fil,37.5,9.0,3.5,0.625,0.0,0.0,0.4,0.2,0.0,0.0,0.125,,,8,3,5,20.0,2,,,,▶ PLAY AUDIO
data/std001_g3_fil_chunk_20.wav,3,fil,54.55,18.0,5.0,0.455,0.0,0.273,0.0,0.2,0.0,0.0,0.0,,,11,6,8,20.0,2,,,,▶ PLAY AUDIO
data/std001_g3_fil_chunk_21.wav,3,fil,66.67,24.0,3.5,0.333,0.0,0.25,0.25,0.25,0.0,0.0,0.083,,,12,8,7,20.0,3,,,,▶ PLAY AUDIO
data/std001_g3_fil_chunk_22.wav,3,fil,46.67,21.0,5.0,0.533,0.0,0.067,0.0,0.125,0.25,0.0,0.0,,,15,7,9,20.0,2,,,,▶ PLAY AUDIO
data/std001_g3_fil_chunk_23.wav,3,fil,81.82,27.0,4.5,0.091,0.091,0.091,1.0,0.0,0.0,0.091,0.091,,aga-agad,11,9,3,20.0,3,,,,▶ PLAY AUDIO
data/std001_g3_fil_chunk_24.wav,3,fil,93.33,42.0,6.5,0.067,0.0,0.133,0.0,0.0,0.0,0.0,0.067,,,15,14,3,20.0,3,,,,▶ PLAY AUDIO
data/std001_g3_fil_chunk_25.wav,3,fil,75.0,36.0,6.5,0.25,0.0,0.0,0.25,0.25,0.0,0.0,0.062,,,16,12,4,20.0,3,,,,▶ PLAY AUDIO
data/std001_g3_fil_chunk_26.wav,3,fil,44.44,12.0,5.0,0.556,0.0,0.0,0.2,0.4,0.0,0.0,0.0,,,9,4,5,20.0,2,,,,▶ PLAY AUDIO
data/std001_g3_fil_chunk_27.wav,3,fil,50.0,18.3,5.0,0.5,0.0,0.0,0.0,0.0,0.0,0.0,0.0,,,4,2,2,6.56,2,,,,▶ PLAY AUDIO
data/std002_g3_en_chunk_01.wav,3,en,97.92,141.0,10.0,0.021,0.0,0.042,0.0,1.0,0.0,0.0,0.0,,,48,47,3,20.0,0,,,,▶ PLAY AUDIO
data/std002_g3_en_chunk_02.wav,3,en,97.37,111.0,10.0,0.026,0.0,0.0,0.0,1.0,0.0,0.0,0.0,,,38,37,1,20.0,0,,,,▶ PLAY AUDIO
data/std002_g3_en_chunk_03.wav,3,en,97.56,120.0,10.0,0.024,0.0,0.0,0.0,0.0,0.0,0.0,0.0,,,41,40,1,20.0,0,,,,▶ PLAY AUDIO
data/std002_g3_en_chunk_04.wav,3,en,97.06,99.0,10.0,0.029,0.0,0.0,0.0,0.0,0.0,0.0,0.0,,,34,33,1,20.0,0,,,,▶ PLAY AUDIO
data/std002_g3_en_chunk_05.wav,3,en,92.31,72.0,10.0,0.077,0.0,0.0,0.5,0.0,0.0,0.0,0.0,,,26,24,2,20.0,1,,,,▶ PLAY AUDIO
data/std002_g3_en_chunk_06.wav,3,en,93.75,90.0,10.0,0.062,0.0,0.0,0.0,0.5,0.0,0.0,0.0,,,32,30,2,20.0,1,,,,▶ PLAY AUDIO
data/std002_g3_en_chunk_07.wav,3,en,97.37,111.0,10.0,0.026,0.0,0.0,0.0,1.0,0.0,0.0,0.0,,,38,37,1,20.0,0,,,,▶ PLAY AUDIO
data/std002_g3_en_chunk_08.wav,3,en,88.24,90.0,10.0,0.118,0.0,0.059,0.0,0.5,0.0,0.0,0.0,,,34,30,6,20.0,1,,,,▶ PLAY AUDIO
data/std002_g3_en_chunk_09.wav,3,en,87.88,87.0,9.5,0.121,0.0,0.0,0.0,1.0,0.0,0.03,0.0,,bro-brought,33,29,4,20.0,1,,,,▶ PLAY AUDIO
data/std002_g3_en_chunk_10.wav,3,en,90.7,117.0,10.0,0.093,0.0,0.0,0.0,0.25,0.0,0.0,0.0,,,43,39,4,20.0,1,,,,▶ PLAY AUDIO
data/std002_g3_en_chunk_11.wav,3,en,97.3,108.0,9.5,0.027,0.0,0.0,1.0,0.0,0.0,0.027,0.0,,ta-takes,37,36,1,20.0,0,,,,▶ PLAY AUDIO
data/std002_g3_en_chunk_12.wav,3,en,86.21,75.0,10.0,0.138,0.0,0.0,0.25,0.25,0.25,0.0,0.0,,,29,25,4,20.0,1,,,,▶ PLAY AUDIO
data/std002_g3_en_chunk_13.wav,3,en,92.31,108.0,10.0,0.051,0.026,0.0,0.0,1.0,0.0,0.0,0.0,,,39,36,3,20.0,1,,,,▶ PLAY AUDIO
data/std002_g3_en_chunk_14.wav,3,en,92.5,111.0,10.0,0.075,0.0,0.0,0.333,0.333,0.0,0.0,0.0,,,40,37,3,20.0,1,,,,▶ PLAY AUDIO
data/std002_g3_en_chunk_15.wav,3,en,93.62,132.0,10.0,0.064,0.0,0.0,0.0,0.333,0.0,0.0,0.0,,,47,44,3,20.0,1,,,,▶ PLAY AUDIO
data/std002_g3_en_chunk_16.wav,3,en,94.87,111.0,10.0,0.051,0.0,0.0,0.0,0.5,0.0,0.0,0.0,,,39,37,2,20.0,1,,,,▶ PLAY AUDIO
data/std002_g3_en_chunk_17.wav,3,en,90.91,110.3,10.0,0.091,0.0,0.0,0.0,0.5,0.0,0.0,0.0,,,22,20,2,10.88,1,,,,▶ PLAY AUDIO
data/std002_g3_fil_chunk_01.wav,3,fil,75.0,40.0,7.5,0.25,0.0,0.0,0.0,0.25,0.5,0.062,0.0,,nara-nakararami,16,12,4,18.02,1,,,,▶ PLAY AUDIO
data/std002_g3_fil_chunk_02.wav,3,fil,100.0,61.0,9.0,0.0,0.0,0.0,0.0,0.0,0.0,0.0,0.0,,,8,8,0,7.87,0,,,,▶ PLAY AUDIO
data/std002_g3_fil_chunk_03.wav,3,fil,100.0,79.9,9.0,0.0,0.0,0.033,0.0,0.0,0.0,0.067,0.0,,dalawa-dalawa; ber-berde,30,30,1,22.54,0,,,,▶ PLAY AUDIO
data/std002_g3_fil_chunk_04.wav,3,fil,91.67,54.4,8.0,0.083,0.0,0.0,0.0,0.5,0.0,0.083,0.0,,da-dakila; a-ating,24,22,2,24.27,1,,,,▶ PLAY AUDIO
data/std002_g3_fil_chunk_05.wav,3,fil,100.0,62.2,9.0,0.0,0.0,0.0,0.0,0.0,0.0,0.0,0.0,,,23,23,0,22.18,0,,,,▶ PLAY AUDIO
data/std002_g3_fil_chunk_06.wav,3,fil,91.3,51.5,8.0,0.087,0.0,0.043,0.5,0.0,0.0,0.087,0.0,,lung-lungsod; di-dito,23,21,3,24.45,1,,,,▶ PLAY AUDIO
data/std002_g3_fil_chunk_07.wav,3,fil,93.1,71.4,10.0,0.069,0.0,0.138,0.5,0.0,0.0,0.0,0.0,,,29,27,6,22.69,1,,,,▶ PLAY AUDIO
data/std002_g3_fil_chunk_08.wav,3,fil,100.0,56.2,8.0,0.0,0.0,0.0,0.0,0.0,0.0,0.111,0.0,,a-a-araw; ma-makikita,18,18,0,19.2,3,,,,▶ PLAY AUDIO
data/std002_g3_fil_chunk_09.wav,3,fil,100.0,56.0,9.0,0.0,0.0,0.05,0.0,0.0,0.0,0.0,0.0,,,20,20,1,21.44,3,,,,▶ PLAY AUDIO
data/std002_g3_fil_chunk_10.wav,3,fil,100.0,58.1,8.5,0.0,0.0,0.048,0.0,0.0,0.0,0.048,0.0,,m-matatagpuan,21,21,1,21.69,3,,,,▶ PLAY AUDIO
data/std002_g3_fil_chunk_11.wav,3,fil,96.3,62.7,9.0,0.037,0.0,0.037,0.0,0.0,0.0,0.0,0.0,,,27,26,2,24.87,0,,,,▶ PLAY AUDIO
data/std002_g3_fil_chunk_12.wav,3,fil,92.86,63.7,9.0,0.071,0.0,0.107,0.5,0.5,0.0,0.0,0.0,,,28,26,5,24.5,1,,,,▶ PLAY AUDIO
data/std002_g3_fil_chunk_13.wav,3,fil,96.3,63.7,8.5,0.037,0.0,0.0,1.0,0.0,0.0,0.037,0.0,,siya-siyang,27,26,1,24.49,0,,,,▶ PLAY AUDIO
data/std002_g3_fil_chunk_14.wav,3,fil,100.0,64.0,9.0,0.0,0.0,0.111,0.0,0.0,0.0,0.0,0.0,,,18,18,2,16.86,0,,,,▶ PLAY AUDIO
data/std002_g3_fil_chunk_15.wav,3,fil,93.33,72.2,10.0,0.067,0.0,0.0,1.0,0.0,0.0,0.0,0.0,,,15,14,1,11.63,1,,,,▶ PLAY AUDIO
data/std003_g3_en_chunk_02.wav,3,en,100.0,100.0,10.0,0.0,0.0,0.0,0.0,0.0,0.0,0.0,0.0,,,39,39,0,23.4,0,,,,▶ PLAY AUDIO
data/std003_g3_en_chunk_03.wav,3,en,77.42,59.2,8.5,0.194,0.032,0.0,0.167,0.333,0.0,0.032,0.0,,he-hello,31,24,7,24.34,2,,,,▶ PLAY AUDIO
data/std003_g3_fil_chunk_01.wav,3,fil,88.89,48.0,7.5,0.111,0.0,0.111,0.5,0.5,0.0,0.056,0.0,,akoy-akoy,18,16,4,20.0,1,,,,▶ PLAY AUDIO
data/std003_g3_fil_chunk_02.wav,3,fil,96.88,93.0,10.0,0.031,0.0,0.031,0.0,0.0,0.0,0.0,0.0,,,32,31,2,20.0,0,,,,▶ PLAY AUDIO
data/std003_g3_fil_chunk_03.wav,3,fil,90.48,57.0,7.5,0.095,0.0,0.0,0.5,0.0,0.0,0.0,0.048,,,21,19,2,20.0,1,,,,▶ PLAY AUDIO
data/std003_g3_fil_chunk_04.wav,3,fil,90.48,57.0,7.5,0.095,0.0,0.0,0.5,0.5,0.0,0.0,0.048,,,21,19,2,20.0,1,,,,▶ PLAY AUDIO
data/std003_g3_fil_chunk_05.wav,3,fil,76.47,39.0,6.5,0.176,0.059,0.0,0.667,0.0,0.0,0.0,0.059,,,17,13,4,20.0,3,,,,▶ PLAY AUDIO
data/std003_g3_fil_chunk_06.wav,3,fil,100.0,51.0,9.0,0.0,0.0,0.118,0.0,0.0,0.0,0.0,0.0,,,17,17,2,20.0,3,,,,▶ PLAY AUDIO
data/std003_g3_fil_chunk_07.wav,3,fil,100.0,92.8,9.5,0.0,0.0,0.0,0.0,0.0,0.0,0.038,0.0,,pala-palapag,26,26,0,16.81,0,,,,▶ PLAY AUDIO
data/std003_g3_fil_chunk_08.wav,3,fil,73.33,33.0,6.0,0.267,0.0,0.067,0.25,0.0,0.5,0.067,0.0,,pupo-pupitre,15,11,5,20.0,2,,,,▶ PLAY AUDIO
data/std003_g3_fil_chunk_09.wav,3,fil,94.74,61.9,9.0,0.053,0.0,0.158,0.0,0.0,0.0,0.0,0.0,,,19,18,4,17.44,3,,,,▶ PLAY AUDIO
data/std003_g3_fil_chunk_10.wav,3,fil,95.65,66.0,7.5,0.0,0.043,0.0,0.0,0.0,0.0,0.0,0.043,,,23,22,1,20.0,3,,,,▶ PLAY AUDIO
data/std003_g3_fil_chunk_11.wav,3,fil,100.0,63.0,9.0,0.0,0.0,0.0,0.0,0.0,0.0,0.0,0.0,,,21,21,0,20.0,0,,,,▶ PLAY AUDIO
data/std003_g3_fil_chunk_12.wav,3,fil,92.0,69.0,7.5,0.08,0.0,0.0,0.5,0.5,0.0,0.0,0.04,,,25,23,2,20.0,1,,,,▶ PLAY AUDIO
data/std003_g3_fil_chunk_13.wav,3,fil,87.5,63.0,8.5,0.125,0.0,0.083,0.0,0.333,0.0,0.042,0.0,,naka-nakatira,24,21,5,20.0,1,,,,▶ PLAY AUDIO
data/std003_g3_fil_chunk_14.wav,3,fil,100.0,72.0,10.0,0.0,0.0,0.0,0.0,0.0,0.0,0.0,0.0,,,24,24,0,20.0,0,,,,▶ PLAY AUDIO
data/std003_g3_fil_chunk_15.wav,3,fil,95.83,69.0,9.0,0.042,0.0,0.042,0.0,1.0,0.0,0.0,0.0,,,24,23,2,20.0,0,,,,▶ PLAY AUDIO
data/std003_g3_fil_chunk_16.wav,3,fil,100.0,16.7,6.5,0.0,0.0,0.0,0.0,0.0,0.0,0.0,0.0,,,1,1,0,3.6,3,,,,▶ PLAY AUDIO
data/std004b_g3_fil_chunk_01.wav,3,fil,68.75,33.0,5.0,0.188,0.125,0.062,0.333,0.333,0.0,0.0,0.062,,,16,11,6,20.0,3,,,,▶ PLAY AUDIO
data/std004b_g3_fil_chunk_02.wav,3,fil,81.82,27.0,6.5,0.182,0.0,0.0,0.5,0.0,0.0,0.0,0.0,,,11,9,2,20.0,3,,,,▶ PLAY AUDIO
data/std004b_g3_fil_chunk_03.wav,3,fil,61.54,24.0,3.5,0.308,0.077,0.0,0.25,0.75,0.0,0.0,0.077,,,13,8,5,20.0,3,,,,▶ PLAY AUDIO
data/std004b_g3_fil_chunk_04.wav,3,fil,80.0,36.0,8.0,0.2,0.0,0.0,0.333,0.0,0.0,0.0,0.0,,,15,12,3,20.0,3,,,,▶ PLAY AUDIO
data/std004b_g3_fil_chunk_05.wav,3,fil,58.33,21.0,5.0,0.083,0.333,0.0,1.0,0.0,0.0,0.0,0.0,,,12,7,5,20.0,3,,,,▶ PLAY AUDIO
data/std004b_g3_fil_chunk_06.wav,3,fil,44.44,24.0,5.0,0.111,0.444,0.0,0.0,0.0,0.0,0.0,0.0,,,18,8,10,20.0,2,,,,▶ PLAY AUDIO
data/std004b_g3_fil_chunk_07.wav,3,fil,75.0,36.0,5.0,0.125,0.125,0.25,0.0,0.5,0.0,0.0,0.062,,,16,12,8,20.0,3,,,,▶ PLAY AUDIO
data/std004b_g3_fil_chunk_08.wav,3,fil,100.0,48.0,8.0,0.0,0.0,0.0,0.0,0.0,0.0,0.0,0.0,,,16,16,0,20.0,3,,,,▶ PLAY AUDIO
data/std004b_g3_fil_chunk_09.wav,3,fil,92.31,36.0,8.0,0.077,0.0,0.0,0.0,1.0,0.0,0.0,0.0,,,13,12,1,20.0,1,,,,▶ PLAY AUDIO
data/std004b_g3_fil_chunk_10.wav,3,fil,58.33,21.0,5.0,0.25,0.167,0.083,0.0,1.0,0.0,0.0,0.0,,,12,7,6,20.0,2,,,,▶ PLAY AUDIO
data/std004b_g3_fil_chunk_11.wav,3,fil,75.0,9.0,6.5,0.25,0.0,0.0,0.0,1.0,0.0,0.0,0.0,,,4,3,1,20.0,3,,,,▶ PLAY AUDIO
data/std004b_g3_fil_chunk_12.wav,3,fil,90.91,30.0,8.0,0.091,0.0,0.091,0.0,0.0,0.0,0.0,0.0,,,11,10,2,20.0,3,,,,▶ PLAY AUDIO
data/std004b_g3_fil_chunk_13.wav,3,fil,78.57,33.0,8.0,0.071,0.143,0.071,0.0,0.0,0.0,0.0,0.0,,,14,11,4,20.0,3,,,,▶ PLAY AUDIO
data/std004b_g3_fil_chunk_14.wav,3,fil,77.78,21.0,5.0,0.222,0.0,0.111,0.5,0.0,0.0,0.0,0.0,,,9,7,3,20.0,3,,,,▶ PLAY AUDIO
data/std004b_g3_fil_chunk_15.wav,3,fil,66.67,24.0,5.0,0.333,0.0,0.167,0.0,0.5,0.0,0.0,0.0,,,12,8,6,20.0,3,,,,▶ PLAY AUDIO
data/std004b_g3_fil_chunk_16.wav,3,fil,100.0,27.0,6.5,0.0,0.0,0.0,0.0,0.0,0.0,0.0,0.0,,,9,9,0,20.0,3,,,,▶ PLAY AUDIO
data/std004b_g3_fil_chunk_17.wav,3,fil,81.82,27.0,5.5,0.091,0.091,0.0,0.0,0.0,0.0,0.182,0.0,,mag-maganda; dala-dalawa,11,9,2,20.0,3,,,,▶ PLAY AUDIO
data/std004b_g3_fil_chunk_18.wav,3,fil,93.75,45.0,7.5,0.062,0.0,0.062,0.0,0.0,0.0,0.062,0.0,,perde-berde,16,15,2,20.0,3,,,,▶ PLAY AUDIO
data/std004b_g3_fil_chunk_19.wav,3,fil,71.43,30.0,6.5,0.071,0.214,0.143,0.0,1.0,0.0,0.0,0.0,,,14,10,6,20.0,1,,,,▶ PLAY AUDIO
data/std004b_g3_fil_chunk_20.wav,3,fil,69.23,27.0,5.0,0.154,0.154,0.0,0.5,0.5,0.0,0.0,0.0,,,13,9,4,20.0,3,,,,▶ PLAY AUDIO
data/std004b_g3_fil_chunk_21.wav,3,fil,28.57,6.0,5.0,0.286,0.429,0.143,1.0,0.0,0.0,0.0,0.0,,,7,2,6,20.0,2,,,,▶ PLAY AUDIO
data/std004b_g3_fil_chunk_22.wav,3,fil,50.0,15.0,5.0,0.4,0.1,0.1,0.0,0.75,0.0,0.0,0.0,,,10,5,6,20.0,2,,,,▶ PLAY AUDIO
data/std004b_g3_fil_chunk_23.wav,3,fil,61.54,24.0,5.0,0.077,0.308,0.0,0.0,0.0,1.0,0.0,0.0,,,13,8,5,20.0,3,,,,▶ PLAY AUDIO
data/std004b_g3_fil_chunk_24.wav,3,fil,54.55,18.0,5.0,0.091,0.364,0.0,0.0,1.0,0.0,0.0,0.0,,,11,6,5,20.0,3,,,,▶ PLAY AUDIO
data/std004b_g3_fil_chunk_25.wav,3,fil,57.14,24.0,5.0,0.143,0.286,0.0,0.0,0.0,0.0,0.0,0.0,,,14,8,6,20.0,3,,,,▶ PLAY AUDIO
data/std004b_g3_fil_chunk_26.wav,3,fil,55.56,15.0,4.5,0.333,0.111,0.0,0.333,0.333,0.0,0.111,0.0,,lalare-lalaki,9,5,4,20.0,2,,,,▶ PLAY AUDIO
data/std004b_g3_fil_chunk_27.wav,3,fil,85.71,54.0,9.0,0.048,0.095,0.095,0.0,0.0,0.0,0.0,0.0,,,21,18,5,20.0,3,,,,▶ PLAY AUDIO
data/std004b_g3_fil_chunk_28.wav,3,fil,81.25,39.0,8.0,0.125,0.062,0.062,0.0,0.0,0.0,0.0,0.0,,,16,13,4,20.0,3,,,,▶ PLAY AUDIO
data/std004b_g3_fil_chunk_29.wav,3,fil,60.0,18.0,5.0,0.4,0.0,0.1,0.0,0.5,0.25,0.0,0.0,,,10,6,5,20.0,2,,,,▶ PLAY AUDIO
data/std004b_g3_fil_chunk_30.wav,3,fil,50.0,15.0,3.5,0.3,0.2,0.0,0.0,0.333,0.0,0.0,0.1,,,10,5,5,20.0,3,,,,▶ PLAY AUDIO
data/std004b_g3_fil_chunk_31.wav,3,fil,0.0,0.0,5.0,1.0,0.0,0.0,0.0,1.0,0.0,0.0,0.0,,,1,0,1,4.48,2,,,,▶ PLAY AUDIO
data/std004_g3_fil_chunk_01.wav,3,fil,51.43,43.3,6.5,0.2,0.286,0.0,0.286,0.286,0.0,0.0,0.0,,,35,18,17,24.95,2,,,,▶ PLAY AUDIO
data/std004_g3_fil_chunk_02.wav,3,fil,65.52,46.4,6.5,0.103,0.241,0.0,0.0,0.667,0.0,0.0,0.0,,,29,19,10,24.55,2,,,,▶ PLAY AUDIO
data/std004_g3_fil_chunk_03.wav,3,fil,80.77,55.0,8.5,0.038,0.154,0.0,1.0,0.0,0.0,0.038,0.0,,[om-ang],26,21,5,22.91,1,,,,▶ PLAY AUDIO
data/std004_g3_fil_chunk_04.wav,3,fil,92.31,40.5,7.5,0.077,0.0,0.0,0.0,0.0,0.0,0.077,0.0,,pa-patungan,13,12,1,17.78,3,,,,▶ PLAY AUDIO
data/std004_g3_fil_chunk_05.wav,3,fil,70.59,34.2,7.5,0.294,0.0,0.0,0.0,0.0,0.0,0.059,0.0,,pa-pati,17,12,5,21.07,2,,,,▶ PLAY AUDIO
data/std004_g3_fil_chunk_06.wav,3,fil,100.0,48.1,8.0,0.0,0.0,0.0,0.0,0.0,0.0,0.0,0.0,,,19,19,0,23.72,3,,,,▶ PLAY AUDIO
data/std004_g3_fil_chunk_07.wav,3,fil,94.12,46.4,8.0,0.059,0.0,0.0,0.0,0.0,0.0,0.0,0.0,,,17,16,1,20.69,3,,,,▶ PLAY AUDIO
data/std004_g3_fil_chunk_08.wav,3,fil,94.12,40.5,8.0,0.059,0.0,0.059,0.0,0.0,0.0,0.0,0.0,,,17,16,2,23.7,3,,,,▶ PLAY AUDIO
data/std004_g3_fil_chunk_09.wav,3,fil,85.71,43.8,8.0,0.143,0.0,0.095,0.333,0.0,0.0,0.0,0.0,,,21,18,5,24.68,3,,,,▶ PLAY AUDIO
data/std004_g3_fil_chunk_10.wav,3,fil,75.0,32.2,6.0,0.25,0.0,0.125,0.0,0.75,0.0,0.062,0.0,,ba-bayan,16,12,6,22.33,3,,,,▶ PLAY AUDIO
data/std004_g3_fil_chunk_11.wav,3,fil,14.29,2.7,5.0,0.571,0.286,0.0,0.25,0.25,0.0,0.0,0.0,,,7,1,6,22.23,2,,,,▶ PLAY AUDIO
data/std004_g3_fil_chunk_12.wav,3,fil,80.0,31.2,6.5,0.2,0.0,0.2,0.0,0.333,0.0,0.0,0.0,,,15,12,6,23.09,3,,,,▶ PLAY AUDIO
data/std004_g3_fil_chunk_13.wav,3,fil,81.82,46.7,8.0,0.182,0.0,0.091,0.25,0.25,0.0,0.0,0.0,,,22,18,6,23.14,3,,,,▶ PLAY AUDIO
data/std004_g3_fil_chunk_14.wav,3,fil,73.33,30.6,7.5,0.267,0.0,0.0,0.0,0.0,0.25,0.067,0.0,,de-desk,15,11,4,21.54,3,,,,▶ PLAY AUDIO
data/std004_g3_fil_chunk_15.wav,3,fil,87.5,37.8,8.0,0.125,0.0,0.0,0.0,0.0,0.0,0.0,0.0,,,8,7,1,11.12,3,,,,▶ PLAY AUDIO
data/std005_g3_fil_chunk_01.wav,3,fil,87.5,63.0,9.0,0.125,0.0,0.0,0.333,0.333,0.0,0.0,0.0,,,24,21,3,20.0,1,,,,▶ PLAY AUDIO
data/std005_g3_fil_chunk_02.wav,3,fil,100.0,72.0,10.0,0.0,0.0,0.0,0.0,0.0,0.0,0.0,0.0,,,24,24,0,20.0,0,,,,▶ PLAY AUDIO
data/std005_g3_fil_chunk_03.wav,3,fil,100.0,60.0,7.5,0.0,0.0,0.0,0.0,0.0,0.0,0.0,0.05,,,20,20,0,20.0,3,,,,▶ PLAY AUDIO
data/std005_g3_fil_chunk_04.wav,3,fil,81.25,39.0,6.5,0.188,0.0,0.0,0.333,0.333,0.0,0.0,0.062,,,16,13,3,20.0,3,,,,▶ PLAY AUDIO
data/std005_g3_fil_chunk_05.wav,3,fil,100.0,57.0,7.0,0.0,0.0,0.0,0.0,0.0,0.0,0.053,0.053,,naka-nakatira,19,19,0,20.0,3,,,,▶ PLAY AUDIO
data/std005_g3_fil_chunk_06.wav,3,fil,100.0,60.0,9.0,0.0,0.0,0.0,0.0,0.0,0.0,0.0,0.0,,,20,20,0,20.0,0,,,,▶ PLAY AUDIO
data/std005_g3_fil_chunk_07.wav,3,fil,91.67,66.0,9.0,0.083,0.0,0.0,0.0,0.5,0.0,0.0,0.0,,,24,22,2,20.0,1,,,,▶ PLAY AUDIO
data/std005_g3_fil_chunk_08.wav,3,fil,100.0,57.0,8.5,0.0,0.0,0.053,0.0,0.0,0.0,0.053,0.0,,hi-hinihintay,19,19,1,20.0,3,,,,▶ PLAY AUDIO
data/std005_g3_fil_chunk_09.wav,3,fil,100.0,12.0,6.5,0.0,0.0,0.0,0.0,0.0,0.0,0.0,0.0,,,4,4,0,20.0,3,,,,▶ PLAY AUDIO
data/std005_g3_fil_chunk_10.wav,3,fil,96.15,75.0,10.0,0.038,0.0,0.038,0.0,1.0,0.0,0.0,0.0,,,26,25,2,20.0,0,,,,▶ PLAY AUDIO
data/std005_g3_fil_chunk_11.wav,3,fil,100.0,90.0,10.0,0.0,0.0,0.033,0.0,0.0,0.0,0.0,0.0,,,30,30,1,20.0,0,,,,▶ PLAY AUDIO
data/std005_g3_fil_chunk_12.wav,3,fil,100.0,54.0,8.5,0.0,0.0,0.0,0.0,0.0,0.0,0.056,0.0,,dek-desk,18,18,0,20.0,3,,,,▶ PLAY AUDIO
data/std005_g3_fil_chunk_13.wav,3,fil,100.0,90.0,9.5,0.0,0.0,0.0,0.0,0.0,0.0,0.033,0.0,,le-ella,30,30,0,20.0,0,,,,▶ PLAY AUDIO
data/std005_g3_fil_chunk_14.wav,3,fil,95.65,66.0,9.0,0.043,0.0,0.0,0.0,0.0,0.0,0.0,0.0,,,23,22,1,20.0,0,,,,▶ PLAY AUDIO
data/std005_g3_fil_chunk_15.wav,3,fil,100.0,63.0,8.5,0.0,0.0,0.0,0.0,0.0,0.0,0.048,0.0,,put-puti,21,21,0,20.0,0,,,,▶ PLAY AUDIO
data/std005_g3_fil_chunk_16.wav,3,fil,100.0,75.0,10.0,0.0,0.0,0.0,0.0,0.0,0.0,0.0,0.0,,,8,8,0,6.4,0,,,,▶ PLAY AUDIO
data/std006_g3_en_chunk_01.wav,3,en,83.33,45.0,8.0,0.167,0.0,0.0,0.0,1.0,0.0,0.0,0.0,,,18,15,3,20.0,1,,,,▶ PLAY AUDIO
data/std006_g3_en_chunk_02.wav,3,en,85.0,51.0,9.0,0.15,0.0,0.0,0.0,0.0,0.0,0.0,0.0,,,20,17,3,20.0,3,,,,▶ PLAY AUDIO
data/std006_g3_en_chunk_03.wav,3,en,100.0,51.0,7.5,0.0,0.0,0.118,0.0,0.0,0.0,0.0,0.059,,,17,17,2,20.0,3,,,,▶ PLAY AUDIO
data/std006_g3_en_chunk_04.wav,3,en,100.0,54.0,7.5,0.0,0.0,0.0,0.0,0.0,0.0,0.0,0.056,,,18,18,0,20.0,3,,,,▶ PLAY AUDIO
data/std006_g3_en_chunk_05.wav,3,en,95.24,60.0,9.0,0.048,0.0,0.0,1.0,0.0,0.0,0.0,0.0,,,21,20,1,20.0,0,,,,▶ PLAY AUDIO
data/std006_g3_en_chunk_06.wav,3,en,100.0,69.0,7.5,0.0,0.0,0.0,0.0,0.0,0.0,0.0,0.043,,,23,23,0,20.0,3,,,,▶ PLAY AUDIO
data/std006_g3_en_chunk_07.wav,3,en,80.95,51.0,9.0,0.19,0.0,0.0,0.0,0.0,1.0,0.0,0.0,,,21,17,4,20.0,1,,,,▶ PLAY AUDIO
data/std006_g3_en_chunk_08.wav,3,en,91.67,66.0,9.0,0.083,0.0,0.0,0.0,1.0,0.0,0.0,0.0,,,24,22,2,20.0,1,,,,▶ PLAY AUDIO
data/std006_g3_en_chunk_09.wav,3,en,100.0,60.0,7.5,0.0,0.0,0.0,0.0,0.0,0.0,0.0,0.05,,,20,20,0,20.0,3,,,,▶ PLAY AUDIO
data/std006_g3_en_chunk_10.wav,3,en,95.24,60.0,9.0,0.048,0.0,0.048,0.0,0.0,0.0,0.0,0.0,,,21,20,2,20.0,0,,,,▶ PLAY AUDIO
data/std006_g3_en_chunk_11.wav,3,en,86.96,60.0,9.0,0.13,0.0,0.0,0.0,0.333,0.667,0.0,0.0,,,23,20,3,20.0,1,,,,▶ PLAY AUDIO
data/std006_g3_en_chunk_12.wav,3,en,95.24,60.0,9.0,0.048,0.0,0.048,0.0,0.0,0.0,0.0,0.0,,,21,20,2,20.0,0,,,,▶ PLAY AUDIO
data/std006_g3_en_chunk_13.wav,3,en,81.25,39.0,8.0,0.188,0.0,0.0,0.0,0.333,0.333,0.0,0.0,,,16,13,3,20.0,3,,,,▶ PLAY AUDIO
data/std006_g3_en_chunk_14.wav,3,en,75.0,36.0,8.0,0.25,0.0,0.0,0.0,0.25,0.25,0.0,0.0,,,16,12,4,20.0,2,,,,▶ PLAY AUDIO
data/std006_g3_en_chunk_15.wav,3,en,95.24,60.0,9.0,0.048,0.0,0.0,0.0,0.0,0.0,0.0,0.0,,,21,20,1,20.0,0,,,,▶ PLAY AUDIO
data/std006_g3_en_chunk_16.wav,3,en,78.95,45.0,8.0,0.211,0.0,0.0,0.0,0.5,0.0,0.0,0.0,,,19,15,4,20.0,3,,,,▶ PLAY AUDIO
data/std006_g3_en_chunk_17.wav,3,en,87.5,63.0,9.0,0.083,0.042,0.0,0.5,0.0,0.0,0.0,0.0,,,24,21,3,20.0,1,,,,▶ PLAY AUDIO
data/std006_g3_en_chunk_18.wav,3,en,84.62,33.0,6.5,0.154,0.0,0.0,0.5,0.0,0.0,0.0,0.077,,,13,11,2,20.0,3,,,,▶ PLAY AUDIO
data/std006_g3_en_chunk_19.wav,3,en,95.24,60.0,9.0,0.048,0.0,0.0,1.0,0.0,0.0,0.0,0.0,,,21,20,1,20.0,0,,,,▶ PLAY AUDIO
data/std006_g3_en_chunk_20.wav,3,en,70.59,36.0,8.0,0.176,0.118,0.0,0.0,0.667,0.333,0.0,0.0,,,17,12,5,20.0,1,,,,▶ PLAY AUDIO
data/std006_g3_en_chunk_21.wav,3,en,66.67,24.0,3.5,0.333,0.0,0.0,0.25,0.5,0.0,0.0,0.083,,,12,8,4,20.0,3,,,,▶ PLAY AUDIO
data/std006_g3_en_chunk_22.wav,3,en,73.91,51.0,9.0,0.087,0.174,0.0,0.0,0.5,0.0,0.0,0.0,,,23,17,6,20.0,2,,,,▶ PLAY AUDIO
data/std006_g3_en_chunk_23.wav,3,en,78.95,45.0,6.5,0.158,0.053,0.105,0.0,0.333,0.333,0.0,0.0,,,19,15,6,20.0,1,,,,▶ PLAY AUDIO
data/std006_g3_en_chunk_24.wav,3,en,60.0,36.0,6.5,0.2,0.2,0.0,0.0,0.75,0.0,0.0,0.0,,,20,12,8,20.0,2,,,,▶ PLAY AUDIO
data/std006_g3_en_chunk_25.wav,3,en,66.67,34.3,6.5,0.167,0.167,0.0,0.0,0.0,0.5,0.0,0.0,,,12,8,4,13.99,2,,,,▶ PLAY AUDIO
data/std006_g3_en_chunk_26.wav,3,en,73.33,33.0,8.0,0.133,0.133,0.0,0.0,0.5,0.5,0.0,0.0,,,15,11,4,20.0,1,,,,▶ PLAY AUDIO
data/std006_g3_en_chunk_27.wav,3,en,68.0,51.0,7.5,0.12,0.2,0.0,0.0,0.0,0.333,0.0,0.0,,,25,17,8,20.0,2,,,,▶ PLAY AUDIO
data/std006_g3_en_chunk_28.wav,3,en,76.19,48.0,8.0,0.238,0.0,0.0,0.0,0.6,0.2,0.0,0.0,,,21,16,5,20.0,1,,,,▶ PLAY AUDIO
data/std006_g3_en_chunk_29.wav,3,en,84.21,48.0,6.5,0.158,0.0,0.0,0.333,0.0,0.333,0.0,0.053,,,19,16,3,20.0,1,,,,▶ PLAY AUDIO
data/std006_g3_en_chunk_30.wav,3,en,75.0,27.0,6.5,0.25,0.0,0.0,0.333,0.0,0.0,0.0,0.0,,,12,9,3,20.0,3,,,,▶ PLAY AUDIO
data/std006_g3_en_chunk_31.wav,3,en,37.5,18.0,5.0,0.562,0.062,0.0,0.222,0.333,0.222,0.0,0.0,,,16,6,10,20.0,2,,,,▶ PLAY AUDIO
data/std006_g3_en_chunk_32.wav,3,en,53.85,21.0,5.0,0.462,0.0,0.0,0.167,0.333,0.333,0.0,0.0,,,13,7,6,20.0,2,,,,▶ PLAY AUDIO
data/std006_g3_en_chunk_33.wav,3,en,62.5,30.0,6.5,0.375,0.0,0.0,0.167,0.333,0.167,0.0,0.0,,,16,10,6,20.0,2,,,,▶ PLAY AUDIO
data/std006_g3_en_chunk_34.wav,3,en,82.35,42.0,8.0,0.176,0.0,0.0,0.333,0.333,0.0,0.0,0.0,,,17,14,3,20.0,1,,,,▶ PLAY AUDIO
data/std006_g3_en_chunk_35.wav,3,en,58.33,21.5,5.0,0.417,0.0,0.0,0.0,0.8,0.0,0.0,0.0,,,12,7,5,19.57,2,,,,▶ PLAY AUDIO
data/std006_g3_fil_chunk_01.wav,3,fil,100.0,72.0,8.0,0.0,0.0,0.0,0.0,0.0,0.0,0.042,0.042,,i-ito,24,24,0,20.0,0,,,,▶ PLAY AUDIO
data/std006_g3_fil_chunk_02.wav,3,fil,81.82,54.0,8.5,0.182,0.0,0.0,0.0,0.25,0.0,0.045,0.0,,isa-isang,22,18,4,20.0,2,,,,▶ PLAY AUDIO
data/std006_g3_fil_chunk_03.wav,3,fil,92.31,36.0,6.0,0.077,0.0,0.0,1.0,0.0,0.0,0.077,0.077,,lapis-lapis,13,12,1,20.0,1,,,,▶ PLAY AUDIO
data/std006_g3_fil_chunk_04.wav,3,fil,100.0,42.0,8.0,0.0,0.0,0.0,0.0,0.0,0.0,0.0,0.0,,,14,14,0,20.0,3,,,,▶ PLAY AUDIO
data/std006_g3_fil_chunk_05.wav,3,fil,85.71,18.0,5.0,0.143,0.0,0.0,1.0,0.0,0.0,0.0,0.143,,,7,6,1,20.0,3,,,,▶ PLAY AUDIO
data/std006_g3_fil_chunk_06.wav,3,fil,95.45,63.0,8.5,0.045,0.0,0.091,0.0,0.0,0.0,0.045,0.0,,ni-niya,22,21,3,20.0,0,,,,▶ PLAY AUDIO
data/std006_g3_fil_chunk_07.wav,3,fil,91.67,33.0,6.5,0.083,0.0,0.167,0.0,1.0,0.0,0.0,0.083,,,12,11,3,20.0,1,,,,▶ PLAY AUDIO
data/std006_g3_fil_chunk_08.wav,3,fil,87.5,42.0,7.5,0.125,0.0,0.0,0.5,0.5,0.0,0.062,0.0,,susutan-sulatan,16,14,2,20.0,1,,,,▶ PLAY AUDIO
data/std006_g3_fil_chunk_09.wav,3,fil,85.0,51.0,7.5,0.15,0.0,0.05,0.0,0.333,0.0,0.0,0.05,,,20,17,4,20.0,3,,,,▶ PLAY AUDIO
data/std006_g3_fil_chunk_10.wav,3,fil,94.74,54.0,7.5,0.053,0.0,0.0,0.0,1.0,0.0,0.0,0.053,,,19,18,1,20.0,1,,,,▶ PLAY AUDIO
data/std006_g3_fil_chunk_11.wav,3,fil,100.0,36.0,6.0,0.0,0.0,0.083,0.0,0.0,0.0,0.083,0.083,,ma-mahalin,12,12,1,20.0,3,,,,▶ PLAY AUDIO
data/std006_g3_fil_chunk_12.wav,3,fil,80.95,51.0,8.5,0.19,0.0,0.048,0.25,0.25,0.0,0.048,0.0,,ako-ako,21,17,5,20.0,1,,,,▶ PLAY AUDIO
data/std006_g3_fil_chunk_13.wav,3,fil,92.86,39.0,5.5,0.071,0.0,0.071,0.0,0.0,1.0,0.143,0.071,,ang-ang; may-may,14,13,2,20.0,1,,,,▶ PLAY AUDIO
data/std006_g3_fil_chunk_14.wav,3,fil,72.73,24.0,6.5,0.273,0.0,0.0,0.333,0.0,0.0,0.0,0.0,,,11,8,3,20.0,3,,,,▶ PLAY AUDIO
data/std006_g3_fil_chunk_15.wav,3,fil,100.0,45.0,6.5,0.0,0.0,0.067,0.0,0.0,0.0,0.0,0.067,,,15,15,1,20.0,3,,,,▶ PLAY AUDIO
data/std006_g3_fil_chunk_16.wav,3,fil,90.91,30.0,6.5,0.091,0.0,0.182,0.0,0.0,0.0,0.0,0.091,,,11,10,3,20.0,3,,,,▶ PLAY AUDIO
data/std006_g3_fil_chunk_17.wav,3,fil,100.0,51.0,8.0,0.0,0.0,0.0,0.0,0.0,0.0,0.118,0.0,,sa-sari; di-dito,17,17,0,20.0,3,,,,▶ PLAY AUDIO
data/std006_g3_fil_chunk_18.wav,3,fil,81.25,39.0,6.5,0.188,0.0,0.062,0.333,0.0,0.0,0.0,0.062,,,16,13,4,20.0,3,,,,▶ PLAY AUDIO
data/std006_g3_fil_chunk_19.wav,3,fil,88.24,45.0,7.5,0.118,0.0,0.059,0.5,0.0,0.0,0.059,0.0,,a-a-aralin,17,15,3,20.0,3,,,,▶ PLAY AUDIO
data/std006_g3_fil_chunk_20.wav,3,fil,93.33,42.0,5.0,0.067,0.0,0.267,0.0,1.0,0.0,0.0,0.067,,,15,14,5,20.0,1,,,,▶ PLAY AUDIO
data/std006_g3_fil_chunk_21.wav,3,fil,91.67,54.6,9.0,0.083,0.0,0.083,0.0,1.0,0.0,0.0,0.0,,,12,11,2,12.08,1,,,,▶ PLAY AUDIO
data/std007_g3_en_chunk_01.wav,3,en,69.23,65.9,7.5,0.231,0.077,0.051,0.111,0.889,0.0,0.0,0.0,,,39,27,14,24.58,1,,,,▶ PLAY AUDIO
data/std007_g3_en_chunk_09.wav,3,en,59.09,63.2,7.5,0.091,0.318,0.0,0.0,0.5,0.0,0.0,0.0,,,44,26,18,24.7,2,,,,▶ PLAY AUDIO
data/std007_g3_fil_chunk_01.wav,3,fil,84.62,33.0,8.0,0.154,0.0,0.077,0.5,0.0,0.5,0.0,0.0,,,13,11,3,20.0,1,,,,▶ PLAY AUDIO
data/std007_g3_fil_chunk_02.wav,3,fil,84.62,33.0,8.0,0.154,0.0,0.0,0.5,0.5,0.0,0.0,0.0,,,13,11,2,20.0,1,,,,▶ PLAY AUDIO
data/std007_g3_fil_chunk_03.wav,3,fil,87.5,42.0,6.5,0.125,0.0,0.0,0.5,0.5,0.0,0.0,0.062,,,16,14,2,20.0,1,,,,▶ PLAY AUDIO
data/std007_g3_fil_chunk_04.wav,3,fil,81.82,27.0,6.5,0.091,0.091,0.091,1.0,0.0,0.0,0.0,0.0,,,11,9,3,20.0,1,,,,▶ PLAY AUDIO
data/std007_g3_fil_chunk_05.wav,3,fil,91.67,33.0,6.5,0.083,0.0,0.0,1.0,0.0,0.0,0.0,0.083,,,12,11,1,20.0,1,,,,▶ PLAY AUDIO
data/std007_g3_fil_chunk_06.wav,3,fil,100.0,57.0,9.0,0.0,0.0,0.0,0.0,0.0,0.0,0.0,0.0,,,19,19,0,20.0,3,,,,▶ PLAY AUDIO
data/std007_g3_fil_chunk_07.wav,3,fil,100.0,27.0,5.0,0.0,0.0,0.222,0.0,0.0,0.0,0.0,0.111,,,9,9,2,20.0,3,,,,▶ PLAY AUDIO
data/std007_g3_fil_chunk_08.wav,3,fil,100.0,42.0,8.0,0.0,0.0,0.0,0.0,0.0,0.0,0.0,0.0,,,14,14,0,20.0,3,,,,▶ PLAY AUDIO
data/std007_g3_fil_chunk_09.wav,3,fil,92.31,36.0,6.5,0.077,0.0,0.0,0.0,1.0,0.0,0.0,0.077,,,13,12,1,20.0,1,,,,▶ PLAY AUDIO
data/std007_g3_fil_chunk_10.wav,3,fil,93.33,42.0,7.5,0.067,0.0,0.0,0.0,1.0,0.0,0.067,0.0,,ma-may,15,14,1,20.0,1,,,,▶ PLAY AUDIO
data/std007_g3_fil_chunk_11.wav,3,fil,92.86,39.0,6.5,0.071,0.0,0.0,0.0,0.0,0.0,0.0,0.071,,,14,13,1,20.0,3,,,,▶ PLAY AUDIO
data/std007_g3_fil_chunk_12.wav,3,fil,93.33,42.0,6.5,0.067,0.0,0.0,1.0,0.0,0.0,0.0,0.067,,,15,14,1,20.0,1,,,,▶ PLAY AUDIO
data/std007_g3_fil_chunk_13.wav,3,fil,87.5,42.0,8.0,0.125,0.0,0.0,0.0,0.5,0.0,0.0,0.0,,,16,14,2,20.0,3,,,,▶ PLAY AUDIO
data/std007_g3_fil_chunk_14.wav,3,fil,93.33,42.0,6.5,0.067,0.0,0.0,1.0,0.0,0.0,0.0,0.067,,,15,14,1,20.0,1,,,,▶ PLAY AUDIO
data/std007_g3_fil_chunk_15.wav,3,fil,100.0,45.0,8.0,0.0,0.0,0.133,0.0,0.0,0.0,0.0,0.0,,,15,15,2,20.0,3,,,,▶ PLAY AUDIO
data/std007_g3_fil_chunk_16.wav,3,fil,76.92,30.0,5.0,0.154,0.077,0.077,0.0,0.5,0.0,0.0,0.077,,,13,10,4,20.0,3,,,,▶ PLAY AUDIO
data/std007_g3_fil_chunk_17.wav,3,fil,93.75,45.0,8.0,0.062,0.0,0.0,0.0,0.0,0.0,0.0,0.0,,,16,15,1,20.0,3,,,,▶ PLAY AUDIO
data/std007_g3_fil_chunk_18.wav,3,fil,90.91,60.0,9.0,0.091,0.0,0.0,0.5,0.0,0.0,0.0,0.0,,,22,20,2,20.0,1,,,,▶ PLAY AUDIO
data/std007_g3_fil_chunk_19.wav,3,fil,91.67,33.0,6.5,0.083,0.0,0.083,0.0,1.0,0.0,0.0,0.083,,,12,11,2,20.0,1,,,,▶ PLAY AUDIO
data/std007_g3_fil_chunk_20.wav,3,fil,69.23,27.0,5.0,0.308,0.0,0.0,0.5,0.5,0.0,0.0,0.0,,,13,9,4,20.0,3,,,,▶ PLAY AUDIO
data/std007_g3_fil_chunk_21.wav,3,fil,88.89,48.0,6.5,0.111,0.0,0.056,0.0,0.5,0.0,0.0,0.056,,,18,16,3,20.0,3,,,,▶ PLAY AUDIO
data/std007_g3_fil_chunk_22.wav,3,fil,94.12,48.0,6.5,0.059,0.0,0.0,0.0,1.0,0.0,0.0,0.059,,,17,16,1,20.0,1,,,,▶ PLAY AUDIO
data/std007_g3_fil_chunk_23.wav,3,fil,75.0,36.0,8.0,0.25,0.0,0.0,0.5,0.0,0.25,0.0,0.0,,,16,12,4,20.0,1,,,,▶ PLAY AUDIO
data/std007_g3_fil_chunk_24.wav,3,fil,71.43,27.3,6.5,0.286,0.0,0.0,0.5,0.0,0.0,0.0,0.0,,,7,5,2,11.0,3,,,,▶ PLAY AUDIO
data/std008_g3_fil_chunk_01.wav,3,fil,60.0,9.0,2.0,0.4,0.0,0.6,0.0,0.5,0.5,0.0,0.4,,,5,3,5,20.0,3,,,,▶ PLAY AUDIO
data/std008_g3_fil_chunk_02.wav,3,fil,42.86,9.0,5.0,0.571,0.0,1.571,0.0,1.0,0.0,0.0,0.0,,,7,3,15,20.0,2,,,,▶ PLAY AUDIO
data/std008_g3_fil_chunk_03.wav,3,fil,75.0,18.0,5.0,0.125,0.125,0.125,1.0,0.0,0.0,0.0,0.0,,,8,6,3,20.0,3,,,,▶ PLAY AUDIO
data/std008_g3_fil_chunk_04.wav,3,fil,28.57,6.0,5.0,0.571,0.143,0.0,0.0,0.5,0.0,0.0,0.0,,,7,2,5,20.0,2,,,,▶ PLAY AUDIO
data/std008_g3_fil_chunk_05.wav,3,fil,37.5,9.0,3.5,0.5,0.125,0.5,0.0,1.0,0.0,0.0,0.125,,,8,3,9,20.0,2,,,,▶ PLAY AUDIO
data/std008_g3_fil_chunk_06.wav,3,fil,50.0,9.0,5.0,0.5,0.0,0.0,0.0,0.667,0.0,0.0,0.0,,,6,3,3,20.0,2,,,,▶ PLAY AUDIO
data/std008_g3_fil_chunk_07.wav,3,fil,44.44,12.0,5.0,0.444,0.111,0.111,0.25,0.75,0.0,0.0,0.0,,,9,4,6,20.0,2,,,,▶ PLAY AUDIO
data/std008_g3_fil_chunk_08.wav,3,fil,42.86,9.0,3.5,0.429,0.143,0.0,0.333,0.667,0.0,0.0,0.143,,,7,3,4,20.0,2,,,,▶ PLAY AUDIO
data/std008_g3_fil_chunk_09.wav,3,fil,37.5,9.0,5.0,0.5,0.125,0.5,0.0,0.5,0.0,0.0,0.0,,,8,3,9,20.0,2,,,,▶ PLAY AUDIO
data/std008_g3_fil_chunk_10.wav,3,fil,40.0,6.0,5.0,0.6,0.0,0.8,0.667,0.333,0.0,0.0,0.0,,,5,2,7,20.0,2,,,,▶ PLAY AUDIO
data/std008_g3_fil_chunk_11.wav,3,fil,50.0,9.0,5.0,0.5,0.0,0.0,0.0,1.0,0.0,0.0,0.0,,,6,3,3,20.0,2,,,,▶ PLAY AUDIO
data/std008_g3_fil_chunk_12.wav,3,fil,75.0,18.0,5.0,0.125,0.125,0.375,0.0,0.0,0.0,0.0,0.0,,,8,6,5,20.0,3,,,,▶ PLAY AUDIO
data/std008_g3_fil_chunk_13.wav,3,fil,75.0,18.0,6.5,0.25,0.0,0.0,0.0,1.0,0.0,0.0,0.0,,,8,6,2,20.0,3,,,,▶ PLAY AUDIO
data/std008_g3_fil_chunk_14.wav,3,fil,100.0,27.0,6.5,0.0,0.0,0.0,0.0,0.0,0.0,0.0,0.0,,,9,9,0,20.0,3,,,,▶ PLAY AUDIO
data/std008_g3_fil_chunk_15.wav,3,fil,60.0,9.0,3.5,0.4,0.0,0.0,0.0,0.5,0.0,0.0,0.2,,,5,3,2,20.0,3,,,,▶ PLAY AUDIO
data/std008_g3_fil_chunk_16.wav,3,fil,66.67,18.0,5.0,0.333,0.0,0.0,0.333,0.333,0.0,0.0,0.0,,,9,6,3,20.0,3,,,,▶ PLAY AUDIO
data/std008_g3_fil_chunk_17.wav,3,fil,0.0,0.0,5.0,1.0,0.0,0.0,0.5,0.5,0.0,0.0,0.0,,,4,0,4,20.0,2,,,,▶ PLAY AUDIO
data/std008_g3_fil_chunk_18.wav,3,fil,57.14,12.0,5.0,0.429,0.0,0.143,0.0,1.0,0.0,0.0,0.0,,,7,4,4,20.0,2,,,,▶ PLAY AUDIO
data/std008_g3_fil_chunk_19.wav,3,fil,57.14,12.0,5.0,0.429,0.0,0.0,0.0,0.667,0.0,0.0,0.0,,,7,4,3,20.0,2,,,,▶ PLAY AUDIO
data/std008_g3_fil_chunk_20.wav,3,fil,25.0,3.0,5.0,0.25,0.5,1.5,0.0,1.0,0.0,0.0,0.0,,,4,1,9,20.0,2,,,,▶ PLAY AUDIO
data/std008_g3_fil_chunk_21.wav,3,fil,55.56,15.0,5.0,0.444,0.0,0.0,0.25,0.5,0.0,0.0,0.0,,,9,5,4,20.0,2,,,,▶ PLAY AUDIO
data/std008_g3_fil_chunk_22.wav,3,fil,50.0,9.0,5.0,0.5,0.0,0.5,0.333,0.667,0.0,0.0,0.0,,,6,3,6,20.0,2,,,,▶ PLAY AUDIO
data/std008_g3_fil_chunk_23.wav,3,fil,66.67,12.0,5.0,0.333,0.0,0.0,0.0,0.5,0.0,0.0,0.0,,,6,4,2,20.0,3,,,,▶ PLAY AUDIO
data/std008_g3_fil_chunk_24.wav,3,fil,14.29,3.0,5.0,0.571,0.286,0.0,0.25,0.75,0.0,0.0,0.0,,,7,1,6,20.0,2,,,,▶ PLAY AUDIO
data/std008_g3_fil_chunk_25.wav,3,fil,60.0,18.0,5.0,0.2,0.2,0.0,0.0,1.0,0.0,0.0,0.0,,,10,6,4,20.0,3,,,,▶ PLAY AUDIO
data/std009_g3_en_chunk_01.wav,3,en,14.29,2.6,5.0,0.857,0.0,1.714,0.0,0.667,0.333,0.0,0.0,,,7,1,18,22.67,2,,,,▶ PLAY AUDIO
data/std009_g3_en_chunk_02.wav,3,en,15.38,4.9,5.0,0.846,0.0,0.462,0.091,0.818,0.091,0.0,0.0,,,13,2,17,24.69,2,,,,▶ PLAY AUDIO
data/std009_g3_en_chunk_03.wav,3,en,33.33,10.7,5.0,0.667,0.0,0.778,0.167,0.5,0.333,0.0,0.0,,,9,3,13,16.87,2,,,,▶ PLAY AUDIO
data/std009_g3_fil_chunk_01.wav,3,fil,28.57,6.0,4.5,0.571,0.143,0.286,0.25,0.5,0.0,0.143,0.0,,si-simbahan,7,2,7,20.0,2,,,,▶ PLAY AUDIO
data/std009_g3_fil_chunk_02.wav,3,fil,33.33,9.0,5.0,0.556,0.111,0.111,0.0,0.6,0.2,0.0,0.0,,,9,3,7,20.0,2,,,,▶ PLAY AUDIO
data/std009_g3_fil_chunk_03.wav,3,fil,71.43,15.0,6.5,0.286,0.0,0.0,0.0,0.5,0.0,0.0,0.0,,,7,5,2,20.0,3,,,,▶ PLAY AUDIO
data/std009_g3_fil_chunk_04.wav,3,fil,40.0,6.0,3.5,0.6,0.0,0.0,0.0,0.333,0.0,0.0,0.2,,,5,2,3,20.0,2,,,,▶ PLAY AUDIO
data/std009_g3_fil_chunk_05.wav,3,fil,75.0,18.0,5.0,0.25,0.0,0.125,0.0,0.5,0.0,0.0,0.0,,,8,6,3,20.0,3,,,,▶ PLAY AUDIO
data/std009_g3_fil_chunk_06.wav,3,fil,80.0,24.0,6.5,0.2,0.0,0.0,0.5,0.5,0.0,0.0,0.0,,,10,8,2,20.0,1,,,,▶ PLAY AUDIO
data/std009_g3_fil_chunk_07.wav,3,fil,100.0,21.0,5.0,0.0,0.0,0.0,0.0,0.0,0.0,0.0,0.143,,,7,7,0,20.0,3,,,,▶ PLAY AUDIO
data/std009_g3_fil_chunk_08.wav,3,fil,25.0,6.0,5.0,0.625,0.125,0.0,0.2,0.6,0.0,0.0,0.0,,,8,2,6,20.0,2,,,,▶ PLAY AUDIO
data/std009_g3_fil_chunk_09.wav,3,fil,0.0,0.0,5.0,1.0,0.0,0.167,0.333,0.167,0.0,0.0,0.0,,,6,0,7,20.0,2,,,,▶ PLAY AUDIO
data/std009_g3_fil_chunk_10.wav,3,fil,50.0,12.0,4.5,0.375,0.125,0.0,0.0,0.667,0.0,0.125,0.0,,ay-ay,8,4,4,20.0,2,,,,▶ PLAY AUDIO
data/std009_g3_fil_chunk_11.wav,3,fil,40.0,6.0,3.5,0.6,0.0,0.2,0.333,0.333,0.333,0.0,0.2,,,5,2,4,20.0,2,,,,▶ PLAY AUDIO
data/std009_g3_fil_chunk_12.wav,3,fil,50.0,12.0,5.0,0.5,0.0,0.0,0.0,0.0,0.25,0.0,0.0,,,8,4,4,20.0,2,,,,▶ PLAY AUDIO
data/std009_g3_fil_chunk_13.wav,3,fil,42.86,9.0,5.0,0.571,0.0,0.0,0.25,0.75,0.0,0.0,0.0,,,7,3,4,20.0,2,,,,▶ PLAY AUDIO
data/std009_g3_fil_chunk_14.wav,3,fil,11.11,3.0,5.0,0.222,0.667,0.333,0.5,0.5,0.0,0.0,0.0,,,9,1,11,20.0,2,,,,▶ PLAY AUDIO
data/std009_g3_fil_chunk_15.wav,3,fil,50.0,6.0,5.0,0.5,0.0,1.0,0.0,0.5,0.0,0.0,0.0,,,4,2,6,20.0,2,,,,▶ PLAY AUDIO
data/std009_g3_fil_chunk_16.wav,3,fil,75.0,18.0,5.0,0.25,0.0,0.75,0.5,0.0,0.0,0.0,0.0,,,8,6,8,20.0,3,,,,▶ PLAY AUDIO
data/std009_g3_fil_chunk_17.wav,3,fil,81.82,27.0,6.5,0.182,0.0,0.0,0.5,0.5,0.0,0.0,0.0,,,11,9,2,20.0,1,,,,▶ PLAY AUDIO
data/std009_g3_fil_chunk_18.wav,3,fil,60.0,9.0,4.5,0.4,0.0,0.2,0.0,1.0,0.0,0.2,0.0,,sa-sa,5,3,3,20.0,3,,,,▶ PLAY AUDIO
data/std009_g3_fil_chunk_19.wav,3,fil,28.57,6.0,5.0,0.714,0.0,0.0,0.2,0.6,0.0,0.0,0.0,,,7,2,5,20.0,2,,,,▶ PLAY AUDIO
data/std009_g3_fil_chunk_20.wav,3,fil,90.91,30.0,8.0,0.091,0.0,0.182,1.0,0.0,0.0,0.0,0.0,,,11,10,3,20.0,1,,,,▶ PLAY AUDIO
data/std009_g3_fil_chunk_21.wav,3,fil,54.55,18.0,5.0,0.455,0.0,0.0,0.4,0.4,0.0,0.0,0.0,,,11,6,5,20.0,2,,,,▶ PLAY AUDIO
data/std009_g3_fil_chunk_22.wav,3,fil,37.5,9.0,1.5,0.5,0.125,0.25,0.0,1.0,0.0,0.125,0.25,,ba-bahay,8,3,7,20.0,2,,,,▶ PLAY AUDIO
data/std009_g3_fil_chunk_23.wav,3,fil,66.67,12.0,5.0,0.333,0.0,0.333,0.5,0.5,0.0,0.0,0.0,,,6,4,4,20.0,3,,,,▶ PLAY AUDIO
data/std009_g3_fil_chunk_24.wav,3,fil,57.14,12.0,4.5,0.429,0.0,0.0,0.333,0.667,0.0,0.143,0.0,,ma-maisip,7,4,3,20.0,2,,,,▶ PLAY AUDIO
data/std009_g3_fil_chunk_25.wav,3,fil,33.33,6.0,3.5,0.5,0.167,0.333,0.0,1.0,0.0,0.0,0.167,,,6,2,6,20.0,2,,,,▶ PLAY AUDIO
data/std009_g3_fil_chunk_26.wav,3,fil,40.0,6.0,5.0,0.6,0.0,0.0,0.333,0.667,0.0,0.0,0.0,,,5,2,3,20.0,2,,,,▶ PLAY AUDIO
data/std009_g3_fil_chunk_27.wav,3,fil,77.78,21.0,6.5,0.222,0.0,0.0,0.0,0.0,0.5,0.0,0.0,,,9,7,2,20.0,3,,,,▶ PLAY AUDIO
data/std009_g3_fil_chunk_28.wav,3,fil,33.33,6.0,4.5,0.667,0.0,0.167,0.0,0.5,0.0,0.167,0.0,,at-at,6,2,5,20.0,2,,,,▶ PLAY AUDIO
data/std009_g3_fil_chunk_29.wav,3,fil,50.0,6.0,5.0,0.5,0.0,0.75,0.0,1.0,0.0,0.0,0.0,,,4,2,5,20.0,2,,,,▶ PLAY AUDIO
data/std009_g3_fil_chunk_30.wav,3,fil,50.0,12.0,4.5,0.5,0.0,0.125,0.25,0.5,0.0,0.125,0.0,,ba-bandila,8,4,5,20.0,2,,,,▶ PLAY AUDIO
data/std009_g3_fil_chunk_31.wav,3,fil,77.78,21.0,6.5,0.222,0.0,0.0,0.0,0.0,0.0,0.0,0.0,,,9,7,2,20.0,3,,,,▶ PLAY AUDIO
data/std009_g3_fil_chunk_32.wav,3,fil,33.33,3.0,5.0,0.667,0.0,1.0,0.0,0.5,0.0,0.0,0.0,,,3,1,5,20.0,2,,,,▶ PLAY AUDIO
data/std009_g3_fil_chunk_33.wav,3,fil,60.0,9.0,5.0,0.4,0.0,0.0,0.5,0.0,0.0,0.0,0.0,,,5,3,2,20.0,3,,,,▶ PLAY AUDIO
data/std009_g3_fil_chunk_34.wav,3,fil,83.33,15.0,6.5,0.167,0.0,0.0,0.0,1.0,0.0,0.0,0.0,,,6,5,1,20.0,3,,,,▶ PLAY AUDIO
data/std009_g3_fil_chunk_35.wav,3,fil,57.14,12.0,5.0,0.429,0.0,0.0,0.0,0.667,0.0,0.0,0.0,,,7,4,3,20.0,2,,,,▶ PLAY AUDIO
data/std009_g3_fil_chunk_36.wav,3,fil,60.0,9.0,5.0,0.4,0.0,0.2,0.0,0.0,0.0,0.0,0.0,,,5,3,3,20.0,3,,,,▶ PLAY AUDIO
data/std009_g3_fil_chunk_37.wav,3,fil,75.0,18.0,6.5,0.25,0.0,0.0,0.0,1.0,0.0,0.0,0.0,,,8,6,2,20.0,3,,,,▶ PLAY AUDIO
data/std009_g3_fil_chunk_38.wav,3,fil,80.0,12.0,6.0,0.2,0.0,0.0,0.0,1.0,0.0,0.2,0.0,,ka-kalabasa,5,4,1,20.0,3,,,,▶ PLAY AUDIO
data/std009_g3_fil_chunk_39.wav,3,fil,83.33,15.0,5.0,0.167,0.0,0.167,0.0,0.0,1.0,0.0,0.0,,,6,5,2,20.0,3,,,,▶ PLAY AUDIO
data/std009_g3_fil_chunk_40.wav,3,fil,50.0,9.0,5.0,0.333,0.167,0.333,0.0,0.5,0.0,0.0,0.0,,,6,3,5,20.0,2,,,,▶ PLAY AUDIO
data/std009_g3_fil_chunk_41.wav,3,fil,75.0,9.0,5.0,0.25,0.0,0.25,0.0,1.0,0.0,0.0,0.0,,,4,3,2,20.0,3,,,,▶ PLAY AUDIO
data/std009_g3_fil_chunk_42.wav,3,fil,83.33,15.0,6.0,0.167,0.0,0.0,0.0,0.0,1.0,0.167,0.0,,ay-ay,6,5,1,20.0,3,,,,▶ PLAY AUDIO
data/std009_g3_fil_chunk_43.wav,3,fil,85.71,18.0,6.5,0.143,0.0,0.0,0.0,0.0,0.0,0.0,0.0,,,7,6,1,20.0,3,,,,▶ PLAY AUDIO
data/std009_g3_fil_chunk_44.wav,3,fil,80.0,24.0,6.5,0.2,0.0,0.0,0.5,0.5,0.0,0.0,0.0,,,10,8,2,20.0,1,,,,▶ PLAY AUDIO
data/std009_g3_fil_chunk_45.wav,3,fil,100.0,18.0,6.5,0.0,0.0,0.0,0.0,0.0,0.0,0.0,0.0,,,6,6,0,20.0,3,,,,▶ PLAY AUDIO
data/std009_g3_fil_chunk_46.wav,3,fil,80.0,12.0,5.0,0.2,0.0,0.6,0.0,1.0,0.0,0.0,0.0,,,5,4,4,20.0,3,,,,▶ PLAY AUDIO
data/std009_g3_fil_chunk_47.wav,3,fil,87.5,21.0,6.5,0.125,0.0,0.0,1.0,0.0,0.0,0.0,0.0,,,8,7,1,20.0,1,,,,▶ PLAY AUDIO
data/std009_g3_fil_chunk_48.wav,3,fil,85.71,18.0,6.5,0.143,0.0,0.0,0.0,1.0,0.0,0.0,0.0,,,7,6,1,20.0,3,,,,▶ PLAY AUDIO
data/std009_g3_fil_chunk_49.wav,3,fil,66.67,12.0,5.0,0.333,0.0,0.0,0.5,0.0,0.0,0.0,0.0,,,6,4,2,20.0,3,,,,▶ PLAY AUDIO
data/std009_g3_fil_chunk_50.wav,3,fil,100.0,24.0,6.5,0.0,0.0,0.0,0.0,0.0,0.0,0.0,0.0,,,8,8,0,20.0,3,,,,▶ PLAY AUDIO
data/std009_g3_fil_chunk_51.wav,3,fil,100.0,29.7,6.5,0.0,0.0,0.0,0.0,0.0,0.0,0.0,0.0,,,4,4,0,8.08,3,,,,▶ PLAY AUDIO
data/std010_g4_fil_chunk_01.wav,4,fil,88.46,54.2,8.0,0.115,0.0,0.0,0.0,0.333,0.0,0.0,0.0,,,26,23,3,25.45,3,,,,▶ PLAY AUDIO
data/std010_g4_fil_chunk_02.wav,4,fil,72.0,42.4,6.5,0.24,0.04,0.08,0.0,0.167,0.0,0.0,0.0,,,25,18,9,25.45,2,,,,▶ PLAY AUDIO
data/std010_g4_fil_chunk_03.wav,4,fil,90.0,54.8,8.0,0.1,0.0,0.05,0.0,0.5,0.5,0.0,0.0,,,20,18,3,19.7,1,,,,▶ PLAY AUDIO
data/std010_g4_fil_chunk_04.wav,4,fil,81.82,54.8,8.0,0.091,0.091,0.0,0.0,0.5,0.0,0.0,0.0,,,22,18,4,19.7,1,,,,▶ PLAY AUDIO
data/std010_g4_fil_chunk_05.wav,4,fil,86.36,68.5,9.0,0.091,0.045,0.0,0.0,0.0,0.0,0.0,0.0,,,22,19,3,16.65,2,,,,▶ PLAY AUDIO
data/std010_g4_fil_chunk_06.wav,4,fil,95.45,75.7,9.0,0.045,0.0,0.091,0.0,1.0,0.0,0.0,0.0,,,22,21,3,16.65,0,,,,▶ PLAY AUDIO
data/std010_g4_fil_chunk_07.wav,4,fil,96.55,81.2,10.0,0.034,0.0,0.0,0.0,1.0,0.0,0.0,0.0,,,29,28,1,20.7,0,,,,▶ PLAY AUDIO
data/std010_g4_fil_chunk_08.wav,4,fil,93.33,88.4,10.0,0.067,0.0,0.033,0.5,0.5,0.0,0.0,0.0,,,30,28,3,19.0,1,,,,▶ PLAY AUDIO
data/std010_g4_fil_chunk_09.wav,4,fil,86.96,63.2,9.0,0.13,0.0,0.043,0.667,0.333,0.0,0.0,0.0,,,23,20,4,19.0,1,,,,▶ PLAY AUDIO
data/std010_g4_fil_chunk_10.wav,4,fil,92.86,59.0,7.5,0.071,0.0,0.107,0.0,0.0,0.0,0.036,0.0,,mi-minsan,28,26,5,26.45,3,,,,▶ PLAY AUDIO
data/std010_g4_fil_chunk_11.wav,4,fil,82.61,43.1,8.0,0.174,0.0,0.043,0.0,0.75,0.0,0.0,0.0,,,23,19,5,26.45,1,,,,▶ PLAY AUDIO
data/std010_g4_fil_chunk_12.wav,4,fil,77.78,42.7,6.5,0.222,0.0,0.111,0.0,0.25,0.0,0.0,0.0,,,18,14,6,19.65,2,,,,▶ PLAY AUDIO
data/std010_g4_fil_chunk_13.wav,4,fil,82.35,42.7,8.0,0.176,0.0,0.059,0.0,0.667,0.0,0.0,0.0,,,17,14,4,19.65,1,,,,▶ PLAY AUDIO
data/std010_g4_fil_chunk_14.wav,4,fil,83.33,46.9,8.0,0.167,0.0,0.111,0.0,0.667,0.0,0.0,0.0,,,18,15,5,19.2,1,,,,▶ PLAY AUDIO
data/std010_g4_fil_chunk_15.wav,4,fil,85.0,53.1,8.0,0.15,0.0,0.0,0.0,1.0,0.0,0.0,0.0,,,20,17,3,19.2,1,,,,▶ PLAY AUDIO
data/std010_g4_fil_chunk_16.wav,4,fil,84.78,55.4,8.0,0.152,0.0,0.065,0.0,0.429,0.0,0.0,0.0,,,46,39,10,42.25,1,,,,▶ PLAY AUDIO
data/std010_g4_fil_chunk_17.wav,4,fil,74.0,52.5,6.5,0.16,0.1,0.0,0.375,0.5,0.0,0.0,0.02,,,50,37,13,42.25,1,,,,▶ PLAY AUDIO
data/std010_g4_fil_chunk_18.wav,4,fil,87.1,73.6,9.0,0.097,0.032,0.0,0.333,0.333,0.0,0.0,0.0,,,31,27,4,22.0,1,,,,▶ PLAY AUDIO
data/std011_g4_fil_chunk_01.wav,4,fil,94.12,42.4,8.0,0.059,0.0,0.0,1.0,0.0,0.0,0.0,0.0,,,17,16,1,22.65,1,,,,▶ PLAY AUDIO
data/std011_g4_fil_chunk_02.wav,4,fil,60.0,23.8,3.5,0.4,0.0,0.067,0.5,0.333,0.0,0.0,0.067,,,15,9,7,22.65,3,,,,▶ PLAY AUDIO
data/std012_g4_fil_chunk_01.wav,4,fil,100.0,48.3,7.5,0.0,0.0,0.0,0.0,0.0,0.0,0.067,0.0,,mi-minsan,15,15,0,18.65,3,,,,▶ PLAY AUDIO
data/std012_g4_fil_chunk_02.wav,4,fil,100.0,25.7,6.5,0.0,0.0,0.25,0.0,0.0,0.0,0.0,0.0,,,8,8,2,18.65,3,,,,▶ PLAY AUDIO
data/std012_g4_fil_chunk_03.wav,4,fil,100.0,30.0,5.5,0.0,0.0,0.0,0.0,0.0,0.0,0.222,0.0,,itong-itong; hi-hindi,9,9,0,18.0,3,,,,▶ PLAY AUDIO
data/std012_g4_fil_chunk_04.wav,4,fil,71.43,16.7,4.5,0.286,0.0,0.714,0.0,1.0,0.0,0.143,0.0,,ma-malamang,7,5,7,18.0,3,,,,▶ PLAY AUDIO
data/std012_g4_fil_chunk_05.wav,4,fil,81.82,29.8,5.5,0.182,0.0,0.091,0.0,1.0,0.0,0.182,0.0,,tumak-tumakbo; pa-palabas,11,9,3,18.15,1,,,,▶ PLAY AUDIO
data/std012_g4_fil_chunk_06.wav,4,fil,100.0,23.1,5.0,0.0,0.0,0.714,0.0,0.0,0.0,0.0,0.0,,,7,7,5,18.15,3,,,,▶ PLAY AUDIO
data/std012_g4_fil_chunk_07.wav,4,fil,91.67,27.3,5.0,0.083,0.0,0.25,0.0,0.0,0.0,0.0,0.0,,,12,11,4,24.15,3,,,,▶ PLAY AUDIO
data/std012_g4_fil_chunk_08.wav,4,fil,100.0,24.8,6.0,0.0,0.0,0.1,0.0,0.0,0.0,0.1,0.0,,hi-hinabol,10,10,1,24.15,3,,,,▶ PLAY AUDIO
data/std012_g4_fil_chunk_09.wav,4,fil,100.0,33.3,6.0,0.0,0.0,0.273,0.0,0.0,0.0,0.091,0.0,,da-daga,11,11,3,19.8,3,,,,▶ PLAY AUDIO
data/std012_g4_fil_chunk_10.wav,4,fil,100.0,27.3,6.5,0.0,0.0,0.111,0.0,0.0,0.0,0.0,0.0,,,9,9,1,19.8,3,,,,▶ PLAY AUDIO
data/std012_g4_fil_chunk_11.wav,4,fil,90.91,23.9,6.5,0.091,0.0,0.182,0.0,1.0,0.0,0.0,0.0,,,11,10,3,25.1,1,,,,▶ PLAY AUDIO
data/std012_g4_fil_chunk_12.wav,4,fil,92.31,28.7,5.5,0.077,0.0,0.077,0.0,0.0,0.0,0.154,0.0,,si-si; sa-sabi,13,12,2,25.1,3,,,,▶ PLAY AUDIO
data/std013_g4_fil_chunk_01.wav,4,fil,87.5,45.4,7.5,0.125,0.0,0.0,0.0,0.0,0.0,0.062,0.0,,nalala-naglalakad,16,14,2,18.5,3,,,,▶ PLAY AUDIO
data/std013_g4_fil_chunk_02.wav,4,fil,66.67,25.9,5.0,0.333,0.0,0.0,0.25,0.25,0.0,0.0,0.0,,,12,8,4,18.5,3,,,,▶ PLAY AUDIO
data/std013_g4_fil_chunk_03.wav,4,fil,80.0,35.0,6.0,0.2,0.0,0.0,0.333,0.333,0.0,0.067,0.0,,kuma-kumain,15,12,3,20.55,3,,,,▶ PLAY AUDIO
data/std013_g4_fil_chunk_04.wav,4,fil,95.0,55.5,8.0,0.0,0.05,0.0,0.0,0.0,0.0,0.0,0.0,,,20,19,1,20.55,3,,,,▶ PLAY AUDIO
data/std013_g4_fil_chunk_05.wav,4,fil,94.12,41.1,7.5,0.059,0.0,0.0,0.0,1.0,0.0,0.059,0.0,,la-lalabas,17,16,1,23.35,1,,,,▶ PLAY AUDIO
data/std013_g4_fil_chunk_06.wav,4,fil,94.74,46.3,7.5,0.053,0.0,0.0,0.0,0.0,0.0,0.053,0.0,,mak-magkasya,19,18,1,23.35,3,,,,▶ PLAY AUDIO
data/std013_g4_fil_chunk_07.wav,4,fil,92.31,42.7,8.0,0.077,0.0,0.154,0.0,0.0,0.0,0.0,0.0,,,13,12,3,16.85,3,,,,▶ PLAY AUDIO
data/std013_g4_fil_chunk_08.wav,4,fil,91.67,39.2,6.5,0.083,0.0,0.0,0.0,1.0,0.0,0.0,0.0,,,12,11,1,16.85,1,,,,▶ PLAY AUDIO
data/std013_g4_fil_chunk_09.wav,4,fil,96.15,49.3,7.5,0.038,0.0,0.0,0.0,0.0,0.0,0.038,0.0,,magal-magalit,26,25,1,30.4,3,,,,▶ PLAY AUDIO
data/std013_g4_fil_chunk_10.wav,4,fil,100.0,45.4,7.5,0.0,0.0,0.0,0.0,0.0,0.0,0.043,0.0,,hindi-kung,23,23,0,30.4,3,,,,▶ PLAY AUDIO
data/std013_g4_fil_chunk_11.wav,4,fil,94.44,38.2,6.5,0.056,0.0,0.0,0.0,1.0,0.0,0.0,0.0,,,18,17,1,26.7,1,,,,▶ PLAY AUDIO
data/std013_g4_fil_chunk_12.wav,4,fil,95.0,38.9,5.0,0.05,0.0,0.0,0.0,0.0,0.0,0.15,0.0,,hino-hinabol; may-may; da-daga,20,19,1,29.3,3,,,,▶ PLAY AUDIO
data/std013_g4_fil_chunk_13.wav,4,fil,100.0,41.4,6.5,0.0,0.0,0.0,0.0,0.0,0.0,0.143,0.0,,bahag-bahagya; pi-ipinakita; tata-tatay,21,21,0,30.4,3,,,,▶ PLAY AUDIO
data/std013_g4_fil_chunk_14.wav,4,fil,92.31,40.0,7.5,0.077,0.0,0.077,0.0,1.0,0.0,0.077,0.0,,hinima-hinimas,13,12,2,18.0,1,,,,▶ PLAY AUDIO
data/std014_g4_fil_chunk_01.wav,4,fil,75.0,42.2,8.0,0.25,0.0,0.0,0.25,0.0,0.0,0.0,0.0,,,16,12,4,17.05,2,,,,▶ PLAY AUDIO
data/std014_g4_fil_chunk_02.wav,4,fil,85.71,42.2,8.0,0.143,0.0,0.071,0.0,0.5,0.0,0.0,0.0,,,14,12,3,17.05,3,,,,▶ PLAY AUDIO
data/std014_g4_fil_chunk_03.wav,4,fil,82.35,52.0,8.0,0.176,0.0,0.0,0.333,0.333,0.0,0.0,0.0,,,17,14,3,16.15,1,,,,▶ PLAY AUDIO
data/std014_g4_fil_chunk_04.wav,4,fil,96.3,96.6,10.0,0.037,0.0,0.0,0.0,0.0,0.0,0.0,0.0,,,27,26,1,16.15,0,,,,▶ PLAY AUDIO
data/std014_g4_fil_chunk_05.wav,4,fil,90.91,83.3,10.0,0.091,0.0,0.0,0.0,0.75,0.0,0.0,0.0,,,44,40,4,28.8,1,,,,▶ PLAY AUDIO
data/std014_g4_fil_chunk_06.wav,4,fil,92.31,72.7,9.0,0.077,0.0,0.0,0.333,0.333,0.0,0.0,0.0,,,39,36,3,29.7,1,,,,▶ PLAY AUDIO
data/std014_g4_fil_chunk_07.wav,4,fil,92.31,72.7,9.0,0.077,0.0,0.026,0.0,0.667,0.0,0.0,0.0,,,39,36,4,29.7,1,,,,▶ PLAY AUDIO
data/std014_g4_fil_chunk_08.wav,4,fil,95.65,78.1,9.0,0.043,0.0,0.0,1.0,0.0,0.0,0.0,0.0,,,23,22,1,16.9,0,,,,▶ PLAY AUDIO
data/std014_g4_fil_chunk_09.wav,4,fil,100.0,78.1,9.0,0.0,0.0,0.0,0.0,0.0,0.0,0.0,0.0,,,22,22,0,16.9,0,,,,▶ PLAY AUDIO
data/std014_g4_fil_chunk_10.wav,4,fil,98.08,102.0,10.0,0.0,0.019,0.0,0.0,0.0,0.0,0.0,0.0,,,52,51,1,30.0,0,,,,▶ PLAY AUDIO
data/std014_g4_fil_chunk_11.wav,4,fil,91.89,88.9,10.0,0.081,0.0,0.054,0.0,1.0,0.0,0.0,0.0,,,37,34,5,22.95,1,,,,▶ PLAY AUDIO
data/std014_g4_fil_chunk_12.wav,4,fil,96.88,81.0,10.0,0.031,0.0,0.062,0.0,0.0,0.0,0.0,0.0,,,32,31,3,22.95,0,,,,▶ PLAY AUDIO
data/std015_g4_fil_chunk_01.wav,4,fil,88.46,51.7,8.0,0.115,0.0,0.038,0.0,0.667,0.0,0.0,0.0,,,26,23,4,26.7,1,,,,▶ PLAY AUDIO
data/std015_g4_fil_chunk_02.wav,4,fil,100.0,44.7,8.0,0.0,0.0,0.167,0.0,0.0,0.0,0.0,0.0,,,12,12,2,16.1,3,,,,▶ PLAY AUDIO
data/std015_g4_fil_chunk_03.wav,4,fil,72.73,29.8,6.5,0.273,0.0,0.0,0.0,1.0,0.0,0.0,0.0,,,11,8,3,16.1,1,,,,▶ PLAY AUDIO
data/std015_g4_fil_chunk_04.wav,4,fil,94.44,33.9,5.5,0.056,0.0,0.056,0.0,1.0,0.0,0.111,0.0,,pa-panay; u-ungol,18,17,2,30.1,1,,,,▶ PLAY AUDIO
data/std015_g4_fil_chunk_05.wav,4,fil,80.0,32.5,6.0,0.2,0.0,0.05,0.0,0.75,0.0,0.05,0.0,,na-napatay,20,16,5,29.5,3,,,,▶ PLAY AUDIO
data/std015_g4_fil_chunk_06.wav,4,fil,76.92,31.6,5.0,0.231,0.0,0.231,0.333,0.333,0.0,0.0,0.0,,,13,10,6,19.0,3,,,,▶ PLAY AUDIO
data/std015_g4_fil_chunk_07.wav,4,fil,75.0,37.9,6.0,0.188,0.062,0.0,0.333,0.0,0.0,0.062,0.0,,i-ipinakita,16,12,4,19.0,3,,,,▶ PLAY AUDIO
data/std016_g4_fil_chunk_01.wav,4,fil,83.33,96.8,10.0,0.133,0.033,0.1,0.25,0.25,0.0,0.0,0.0,,,30,25,8,15.5,1,,,,▶ PLAY AUDIO
data/std016_g4_fil_chunk_02.wav,4,fil,91.67,127.7,10.0,0.083,0.0,0.0,0.333,0.667,0.0,0.0,0.0,,,36,33,3,15.5,1,,,,▶ PLAY AUDIO
data/std016_g4_fil_chunk_03.wav,4,fil,100.0,116.1,10.0,0.0,0.0,0.0,0.0,0.0,0.0,0.0,0.0,,,53,53,0,27.4,0,,,,▶ PLAY AUDIO
data/std016_g4_fil_chunk_04.wav,4,fil,96.0,99.7,10.0,0.0,0.04,0.04,0.0,0.0,0.0,0.0,0.0,,,50,48,4,28.9,0,,,,▶ PLAY AUDIO
data/std016_g4_fil_chunk_05.wav,4,fil,87.88,96.1,10.0,0.121,0.0,0.061,0.25,0.5,0.0,0.0,0.0,,,33,29,6,18.1,1,,,,▶ PLAY AUDIO
data/std016_g4_fil_chunk_06.wav,4,fil,96.3,86.2,10.0,0.037,0.0,0.0,0.0,1.0,0.0,0.0,0.0,,,27,26,1,18.1,0,,,,▶ PLAY AUDIO
data/std017_g4_fil_chunk_01.wav,4,fil,100.0,53.2,7.0,0.0,0.0,0.154,0.0,0.0,0.0,0.077,0.0,,kali-kailangan; niya-niyang,26,26,4,29.3,3,,,,▶ PLAY AUDIO
data/std017_g4_fil_chunk_02.wav,4,fil,100.0,77.9,9.0,0.0,0.0,0.0,0.0,0.0,0.0,0.0,0.0,,,25,25,0,19.25,0,,,,▶ PLAY AUDIO
data/std017_g4_fil_chunk_03.wav,4,fil,95.24,62.3,9.0,0.048,0.0,0.143,0.0,1.0,0.0,0.0,0.0,,,21,20,4,19.25,0,,,,▶ PLAY AUDIO
data/std017_g4_fil_chunk_04.wav,4,fil,88.24,50.8,7.5,0.118,0.0,0.059,0.0,0.5,0.0,0.059,0.0,,na-na,17,15,3,17.7,1,,,,▶ PLAY AUDIO
data/std018_g4_fil_chunk_01.wav,4,fil,95.45,66.3,9.0,0.045,0.0,0.0,1.0,0.0,0.0,0.0,0.0,,,22,21,1,19.0,0,,,,▶ PLAY AUDIO
data/std018_g4_fil_chunk_02.wav,4,fil,100.0,53.7,8.0,0.0,0.0,0.0,0.0,0.0,0.0,0.0,0.0,,,17,17,0,19.0,3,,,,▶ PLAY AUDIO
data/std018_g4_fil_chunk_03.wav,4,fil,100.0,61.2,9.0,0.0,0.0,0.05,0.0,0.0,0.0,0.0,0.0,,,20,20,1,19.6,0,,,,▶ PLAY AUDIO
data/std018_g4_fil_chunk_04.wav,4,fil,94.74,55.1,8.0,0.053,0.0,0.0,1.0,0.0,0.0,0.0,0.0,,,19,18,1,19.6,1,,,,▶ PLAY AUDIO
data/std018_g4_fil_chunk_05.wav,4,fil,94.74,66.3,9.0,0.053,0.0,0.0,0.0,0.0,0.0,0.0,0.0,,,19,18,1,16.3,3,,,,▶ PLAY AUDIO
data/std018_g4_fil_chunk_06.wav,4,fil,94.44,62.6,9.0,0.056,0.0,0.0,0.0,1.0,0.0,0.0,0.0,,,18,17,1,16.3,1,,,,▶ PLAY AUDIO
data/std019_g4_fil_chunk_01.wav,4,fil,86.36,51.1,8.0,0.136,0.0,0.0,0.0,0.333,0.0,0.0,0.0,,,22,19,3,22.3,3,,,,▶ PLAY AUDIO
data/std019_g4_fil_chunk_02.wav,4,fil,75.0,32.3,6.5,0.25,0.0,0.0,0.0,0.25,0.0,0.0,0.0,,,16,12,4,22.3,3,,,,▶ PLAY AUDIO
data/std019_g4_fil_chunk_03.wav,4,fil,73.33,33.8,6.5,0.267,0.0,0.0,0.0,0.5,0.0,0.0,0.0,,,15,11,4,19.5,2,,,,▶ PLAY AUDIO
data/std019_g4_fil_chunk_04.wav,4,fil,85.71,36.9,6.5,0.143,0.0,0.071,0.5,0.5,0.0,0.0,0.0,,,14,12,3,19.5,1,,,,▶ PLAY AUDIO
data/std019_g4_fil_chunk_05.wav,4,fil,54.55,21.7,4.5,0.455,0.0,0.0,0.4,0.2,0.0,0.091,0.0,,hin-hinabol,11,6,5,16.6,2,,,,▶ PLAY AUDIO
data/std019_g4_fil_chunk_06.wav,4,fil,80.0,28.9,6.0,0.2,0.0,0.1,0.5,0.0,0.0,0.1,0.0,,ala-alaga,10,8,3,16.6,3,,,,▶ PLAY AUDIO
data/std019_g4_fil_chunk_07.wav,4,fil,53.85,23.0,5.0,0.462,0.0,0.0,0.167,0.333,0.0,0.0,0.0,,,13,7,6,18.3,2,,,,▶ PLAY AUDIO
data/std019_g4_fil_chunk_08.wav,4,fil,80.0,39.3,6.5,0.067,0.133,0.0,0.0,1.0,0.0,0.0,0.0,,,15,12,3,18.3,1,,,,▶ PLAY AUDIO
data/std022_g4_en_chunk_01.wav,4,en,72.0,33.5,6.5,0.2,0.08,0.0,0.0,0.4,0.6,0.0,0.0,,,25,18,7,32.28,1,,,,▶ PLAY AUDIO
data/std022_g4_en_chunk_02.wav,4,en,84.85,52.0,8.0,0.152,0.0,0.0,0.2,0.0,0.4,0.0,0.0,,,33,28,5,32.28,1,,,,▶ PLAY AUDIO
data/std022_g4_en_chunk_03.wav,4,en,97.14,74.6,9.0,0.029,0.0,0.0,0.0,0.0,0.0,0.0,0.0,,,35,34,1,27.36,0,,,,▶ PLAY AUDIO
data/std022_g4_en_chunk_04.wav,4,en,70.59,49.2,8.0,0.206,0.088,0.0,0.286,0.571,0.0,0.0,0.0,,,34,24,10,29.26,1,,,,▶ PLAY AUDIO
data/std022_g4_en_chunk_05.wav,4,en,68.57,49.2,6.5,0.314,0.0,0.0,0.091,0.727,0.0,0.0,0.0,,,35,24,11,29.26,2,,,,▶ PLAY AUDIO
data/std023_g4_en_chunk_01.wav,4,en,67.57,46.8,6.5,0.297,0.027,0.027,0.273,0.727,0.0,0.0,0.0,,,37,25,13,32.02,1,,,,▶ PLAY AUDIO
data/std023_g4_en_chunk_02.wav,4,en,63.33,35.6,5.0,0.333,0.033,0.133,0.0,0.9,0.1,0.0,0.0,,,30,19,15,32.02,2,,,,▶ PLAY AUDIO
data/std023_g4_en_chunk_03.wav,4,en,94.29,95.9,10.0,0.057,0.0,0.0,0.0,0.5,0.0,0.0,0.0,,,35,33,2,20.64,1,,,,▶ PLAY AUDIO
data/std023_g4_en_chunk_04.wav,4,en,91.43,64.7,9.0,0.086,0.0,0.057,0.0,1.0,0.0,0.0,0.0,,,35,32,5,29.68,1,,,,▶ PLAY AUDIO
data/std023_g4_en_chunk_05.wav,4,en,100.0,97.3,10.0,0.0,0.0,0.0,0.0,0.0,0.0,0.0,0.0,,,31,31,0,19.12,0,,,,▶ PLAY AUDIO
data/std023_g4_en_chunk_06.wav,4,en,97.22,109.8,10.0,0.028,0.0,0.0,0.0,1.0,0.0,0.0,0.0,,,36,35,1,19.12,0,,,,▶ PLAY AUDIO
data/std024_g4_en_chunk_01.wav,4,en,88.24,77.5,9.0,0.059,0.059,0.059,0.5,0.5,0.0,0.0,0.0,,,34,30,6,23.24,1,,,,▶ PLAY AUDIO
data/std024_g4_en_chunk_02.wav,4,en,87.88,74.9,9.0,0.121,0.0,0.03,0.5,0.5,0.0,0.0,0.0,,,33,29,5,23.24,1,,,,▶ PLAY AUDIO
data/std024_g4_en_chunk_03.wav,4,en,70.0,60.7,7.5,0.267,0.033,0.067,0.0,0.0,0.5,0.0,0.0,,,30,21,11,20.76,2,,,,▶ PLAY AUDIO
data/std024_g4_en_chunk_04.wav,4,en,89.29,72.3,9.0,0.107,0.0,0.036,0.333,0.667,0.0,0.0,0.0,,,28,25,4,20.76,1,,,,▶ PLAY AUDIO
data/std024_g4_en_chunk_05.wav,4,en,94.29,82.2,10.0,0.057,0.0,0.0,0.5,0.5,0.0,0.0,0.0,,,35,33,2,24.08,1,,,,▶ PLAY AUDIO
data/std025_g4_en_chunk_01.wav,4,en,88.57,88.6,10.0,0.114,0.0,0.0,0.0,0.0,0.0,0.0,0.0,,,35,31,4,21.0,2,,,,▶ PLAY AUDIO
data/std025_g4_en_chunk_02.wav,4,en,76.67,65.0,9.0,0.233,0.0,0.033,0.0,0.0,0.286,0.0,0.0,,,30,23,8,21.24,2,,,,▶ PLAY AUDIO
data/std025_g4_en_chunk_03.wav,4,en,92.59,70.6,8.5,0.074,0.0,0.0,0.0,0.5,0.0,0.037,0.0,,ye-yes,27,25,2,21.24,1,,,,▶ PLAY AUDIO
data/std025_g4_en_chunk_04.wav,4,en,66.67,62.1,7.5,0.333,0.0,0.0,0.083,0.667,0.083,0.0,0.0,,,36,24,12,23.2,2,,,,▶ PLAY AUDIO
data/std025_g4_en_chunk_05.wav,4,en,54.55,46.6,6.5,0.394,0.061,0.03,0.0,0.846,0.077,0.0,0.0,,,33,18,16,23.2,2,,,,▶ PLAY AUDIO
data/std026_g4_en_chunk_01.wav,4,en,97.3,113.3,10.0,0.027,0.0,0.0,1.0,0.0,0.0,0.0,0.0,,,37,36,1,19.06,0,,,,▶ PLAY AUDIO
data/std026_g4_en_chunk_02.wav,4,en,72.41,66.1,9.0,0.276,0.0,0.0,0.125,0.75,0.0,0.0,0.0,,,29,21,8,19.06,1,,,,▶ PLAY AUDIO
data/std026_g4_en_chunk_03.wav,4,en,83.33,83.7,10.0,0.167,0.0,0.0,0.0,0.2,0.0,0.0,0.0,,,30,25,5,17.92,2,,,,▶ PLAY AUDIO
data/std026_g4_en_chunk_04.wav,4,en,88.89,80.4,10.0,0.111,0.0,0.074,0.0,0.0,0.333,0.0,0.0,,,27,24,5,17.92,1,,,,▶ PLAY AUDIO
data/std026_g4_en_chunk_05.wav,4,en,88.57,85.6,10.0,0.114,0.0,0.029,0.0,0.25,0.0,0.0,0.0,,,35,31,5,21.72,1,,,,▶ PLAY AUDIO
data/std029_g4_en_chunk_01.wav,4,en,76.47,49.2,8.0,0.235,0.0,0.059,0.25,0.75,0.0,0.0,0.0,,,17,13,5,15.84,1,,,,▶ PLAY AUDIO
data/std029_g4_en_chunk_02.wav,4,en,61.11,41.7,6.5,0.389,0.0,0.111,0.571,0.286,0.0,0.0,0.0,,,18,11,9,15.84,2,,,,▶ PLAY AUDIO
data/std029_g4_en_chunk_03.wav,4,en,60.0,23.9,5.0,0.4,0.0,0.2,0.167,0.5,0.333,0.0,0.0,,,15,9,9,22.56,2,,,,▶ PLAY AUDIO
data/std029_g4_en_chunk_04.wav,4,en,40.0,16.2,4.5,0.6,0.0,0.133,0.111,0.333,0.444,0.067,0.0,,s-says,15,6,11,22.16,2,,,,▶ PLAY AUDIO
data/std029_g4_en_chunk_05.wav,4,en,62.5,28.7,5.0,0.375,0.0,0.0,0.167,0.5,0.167,0.0,0.0,,,16,10,6,20.88,2,,,,▶ PLAY AUDIO
data/std029_g4_en_chunk_06.wav,4,en,43.75,18.4,5.0,0.5,0.062,0.188,0.25,0.125,0.0,0.0,0.0,,,16,7,12,22.8,2,,,,▶ PLAY AUDIO
data/std029_g4_en_chunk_07.wav,4,en,57.14,29.6,5.0,0.429,0.0,0.095,0.222,0.778,0.0,0.0,0.0,,,21,12,11,24.32,2,,,,▶ PLAY AUDIO
data/std029_g4_en_chunk_08.wav,4,en,40.0,16.2,5.0,0.6,0.0,0.133,0.444,0.444,0.111,0.0,0.0,,,15,6,11,22.28,2,,,,▶ PLAY AUDIO
data/std029_g4_en_chunk_09.wav,4,en,33.33,15.4,5.0,0.667,0.0,0.0,0.25,0.625,0.0,0.0,0.0,,,12,4,8,15.56,2,,,,▶ PLAY AUDIO
data/std029_g4_en_chunk_10.wav,4,en,28.57,15.4,5.0,0.643,0.071,0.071,0.111,0.778,0.0,0.0,0.0,,,14,4,11,15.56,2,,,,▶ PLAY AUDIO
data/std030_g4_en_chunk_01.wav,4,en,36.84,19.2,5.0,0.579,0.053,0.0,0.091,0.727,0.091,0.0,0.0,,,19,7,12,21.92,2,,,,▶ PLAY AUDIO
data/std030_g4_en_chunk_02.wav,4,en,39.13,23.9,5.0,0.609,0.0,0.0,0.286,0.5,0.0,0.0,0.0,,,23,9,14,22.64,2,,,,▶ PLAY AUDIO
data/std030_g4_en_chunk_03.wav,4,en,64.0,42.4,6.5,0.36,0.0,0.0,0.111,0.667,0.0,0.0,0.0,,,25,16,9,22.64,2,,,,▶ PLAY AUDIO
data/std030_g4_en_chunk_04.wav,4,en,70.27,61.7,7.5,0.27,0.027,0.054,0.2,0.4,0.0,0.0,0.0,,,37,26,13,25.28,2,,,,▶ PLAY AUDIO
data/std030_g4_en_chunk_05.wav,4,en,48.15,31.4,5.0,0.519,0.0,0.037,0.286,0.357,0.286,0.0,0.0,,,27,13,15,24.88,2,,,,▶ PLAY AUDIO
data/std030_g4_en_chunk_06.wav,4,en,53.12,40.5,6.5,0.469,0.0,0.062,0.267,0.267,0.133,0.0,0.0,,,32,17,17,25.2,2,,,,▶ PLAY AUDIO
data/std032_g4_en_chunk_13.wav,4,en,86.21,79.2,9.0,0.138,0.0,0.0,0.0,0.25,0.0,0.0,0.0,,,29,25,4,18.94,2,,,,▶ PLAY AUDIO
data/std033_g4_fil_chunk_01.wav,4,fil,82.35,28.4,4.5,0.176,0.0,0.0,0.0,1.0,0.0,0.059,0.059,,lung-lungga,17,14,3,29.6,3,,,,▶ PLAY AUDIO
data/std033_g4_fil_chunk_02.wav,4,fil,92.86,32.5,6.5,0.071,0.0,0.0,0.0,1.0,0.0,0.0,0.0,,,14,13,1,24.0,1,,,,▶ PLAY AUDIO
data/std034_g4_fil_chunk_01.wav,4,fil,89.47,36.3,6.5,0.105,0.0,0.0,0.0,0.5,0.0,0.0,0.0,,,19,17,2,28.1,3,,,,▶ PLAY AUDIO
data/std034_g4_fil_chunk_02.wav,4,fil,86.67,33.3,6.5,0.133,0.0,0.067,1.0,0.0,0.0,0.0,0.0,,,15,13,3,23.4,1,,,,▶ PLAY AUDIO
data/std034_g4_fil_chunk_03.wav,4,fil,100.0,35.9,6.0,0.0,0.0,0.059,0.0,0.0,0.0,0.059,0.0,,dito-dito,17,17,1,28.4,3,,,,▶ PLAY AUDIO
data/std034_g4_fil_chunk_04.wav,4,fil,100.0,49.1,8.0,0.0,0.0,0.053,0.0,0.0,0.0,0.0,0.0,,,19,19,1,23.2,3,,,,▶ PLAY AUDIO
data/std034_g4_fil_chunk_05.wav,4,fil,78.57,24.4,6.5,0.214,0.0,0.0,0.0,0.667,0.0,0.0,0.0,,,14,11,3,27.1,3,,,,▶ PLAY AUDIO
data/std034_g4_fil_chunk_06.wav,4,fil,66.67,21.1,5.0,0.333,0.0,0.0,0.0,0.333,0.333,0.0,0.0,,,9,6,3,17.1,3,,,,▶ PLAY AUDIO
data/std034_g4_fil_chunk_07.wav,4,fil,77.78,36.7,6.5,0.222,0.0,0.0,0.0,0.5,0.0,0.0,0.0,,,18,14,4,22.9,3,,,,▶ PLAY AUDIO
data/std034_g4_fil_chunk_08.wav,4,fil,85.71,28.3,6.0,0.143,0.0,0.071,0.0,0.5,0.0,0.071,0.0,,hi-hi-hintayin,14,12,3,25.4,3,,,,▶ PLAY AUDIO
data/std035_g4_fil_chunk_01.wav,4,fil,96.67,78.0,9.0,0.033,0.0,0.0,0.0,0.0,0.0,0.0,0.0,,,30,29,1,22.3,0,,,,▶ PLAY AUDIO
data/std035_g4_fil_chunk_02.wav,4,fil,86.36,58.8,8.0,0.091,0.045,0.0,0.5,0.5,0.0,0.0,0.0,,,22,19,3,19.4,1,,,,▶ PLAY AUDIO
data/std035_g4_fil_chunk_03.wav,4,fil,94.44,68.9,9.0,0.056,0.0,0.0,1.0,0.0,0.0,0.0,0.0,,,18,17,1,14.8,1,,,,▶ PLAY AUDIO
data/std035_g4_fil_chunk_04.wav,4,fil,100.0,82.0,10.0,0.0,0.0,0.0,0.0,0.0,0.0,0.0,0.0,,,22,22,0,16.1,0,,,,▶ PLAY AUDIO
data/std035_g4_fil_chunk_05.wav,4,fil,83.33,55.9,8.0,0.167,0.0,0.0,0.0,0.0,0.0,0.0,0.0,,,18,15,3,16.1,3,,,,▶ PLAY AUDIO
data/std035_g4_fil_chunk_06.wav,4,fil,90.32,71.8,9.0,0.097,0.0,0.0,0.0,0.333,0.0,0.0,0.0,,,31,28,3,23.4,1,,,,▶ PLAY AUDIO
data/std036_g4_fil_chunk_01.wav,4,fil,94.12,52.7,8.0,0.059,0.0,0.059,1.0,0.0,0.0,0.0,0.0,,,17,16,2,18.2,1,,,,▶ PLAY AUDIO
data/std036_g4_fil_chunk_02.wav,4,fil,71.43,33.0,6.0,0.286,0.0,0.0,0.25,0.25,0.0,0.071,0.0,,maka-makakita,14,10,4,18.2,2,,,,▶ PLAY AUDIO
data/std036_g4_fil_chunk_03.wav,4,fil,96.15,86.7,10.0,0.038,0.0,0.0,0.0,1.0,0.0,0.0,0.0,,,26,25,1,17.3,0,,,,▶ PLAY AUDIO
data/std036_g4_fil_chunk_04.wav,4,fil,94.44,59.0,8.0,0.056,0.0,0.0,0.0,1.0,0.0,0.0,0.0,,,18,17,1,17.3,1,,,,▶ PLAY AUDIO
data/std036_g4_fil_chunk_05.wav,4,fil,96.15,76.5,8.5,0.038,0.0,0.0,1.0,0.0,0.0,0.038,0.0,,la-lalabas,26,25,1,19.6,1,,,,▶ PLAY AUDIO
data/std036_g4_fil_chunk_06.wav,4,fil,95.24,65.6,8.5,0.048,0.0,0.048,0.0,1.0,0.0,0.048,0.0,,hinta-hintayin,21,20,2,18.3,1,,,,▶ PLAY AUDIO
data/std037_g4_fil_chunk_01.wav,4,fil,83.33,41.5,7.5,0.167,0.0,0.0,0.0,1.0,0.0,0.056,0.0,,d-dala,18,15,3,21.7,1,,,,▶ PLAY AUDIO
data/std037_g4_fil_chunk_02.wav,4,fil,91.67,40.5,8.0,0.083,0.0,0.0,0.0,1.0,0.0,0.0,0.0,,,12,11,1,16.3,1,,,,▶ PLAY AUDIO
data/std037_g4_fil_chunk_03.wav,4,fil,100.0,37.3,6.0,0.0,0.0,0.154,0.0,0.0,0.0,0.077,0.0,,kus-kusina,13,13,2,20.9,3,,,,▶ PLAY AUDIO
data/std037_g4_fil_chunk_04.wav,4,fil,72.73,25.5,5.0,0.273,0.0,0.273,0.0,1.0,0.0,0.0,0.0,,,11,8,6,18.8,3,,,,▶ PLAY AUDIO
data/std037_g4_fil_chunk_05.wav,4,fil,64.71,22.1,3.0,0.235,0.118,0.353,0.0,0.5,0.0,0.059,0.059,,ba-baka,17,11,12,29.9,3,,,,▶ PLAY AUDIO
data/std037_g4_fil_chunk_06.wav,4,fil,85.71,30.1,5.0,0.071,0.071,0.214,0.0,1.0,0.0,0.0,0.0,,,14,12,5,23.9,1,,,,▶ PLAY AUDIO
data/std037_g4_fil_chunk_07.wav,4,fil,87.5,37.3,5.5,0.125,0.0,0.0,0.0,0.5,0.0,0.125,0.0,,naki-nakita; ka-kasama,16,14,2,22.5,3,,,,▶ PLAY AUDIO
data/std037_g4_fil_chunk_08.wav,4,fil,84.62,27.5,4.5,0.154,0.0,0.231,0.0,0.5,0.0,0.077,0.0,,ka-kasama,13,11,5,24.0,3,,,,▶ PLAY AUDIO
data/std037_g4_fil_chunk_09.wav,4,fil,66.67,15.8,5.0,0.333,0.0,0.444,0.0,1.0,0.0,0.0,0.0,,,9,6,7,22.8,3,,,,▶ PLAY AUDIO
data/std037_g4_fil_chunk_10.wav,4,fil,87.5,25.1,5.0,0.125,0.0,0.25,1.0,0.0,0.0,0.0,0.0,,,8,7,3,16.75,3,,,,▶ PLAY AUDIO
data/std037_g4_fil_chunk_11.wav,4,fil,54.55,21.5,3.5,0.364,0.091,0.0,0.25,0.75,0.0,0.0,0.091,,,11,6,5,16.75,3,,,,▶ PLAY AUDIO
data/std038_g4_fil_chunk_01.wav,4,fil,79.17,44.7,7.0,0.208,0.0,0.042,0.2,0.2,0.4,0.083,0.0,,alaga-ang; a-aming,24,19,6,25.5,1,,,,▶ PLAY AUDIO
data/std038_g4_fil_chunk_02.wav,4,fil,57.89,26.6,4.5,0.368,0.053,0.105,0.143,0.143,0.0,0.053,0.0,,a-aming,19,11,10,24.8,2,,,,▶ PLAY AUDIO
data/std038_g4_fil_chunk_03.wav,4,fil,91.67,46.5,8.0,0.083,0.0,0.083,0.0,1.0,0.0,0.0,0.0,,,12,11,2,14.2,1,,,,▶ PLAY AUDIO
data/std038_g4_fil_chunk_04.wav,4,fil,81.82,37.0,6.5,0.182,0.0,0.045,0.25,0.25,0.0,0.0,0.0,,,22,18,5,29.2,3,,,,▶ PLAY AUDIO
data/std038_g4_fil_chunk_05.wav,4,fil,87.5,45.4,8.0,0.125,0.0,0.062,0.0,0.0,0.0,0.0,0.0,,,16,14,3,18.5,3,,,,▶ PLAY AUDIO
data/std038_g4_fil_chunk_06.wav,4,fil,66.67,33.3,5.0,0.333,0.0,0.0,0.0,0.4,0.0,0.0,0.0,,,15,10,5,18.0,2,,,,▶ PLAY AUDIO
data/std038_g4_fil_chunk_07.wav,4,fil,89.47,48.6,7.5,0.105,0.0,0.0,0.0,1.0,0.0,0.053,0.0,,da-daga,19,17,2,21.0,1,,,,▶ PLAY AUDIO
data/std038_g4_fil_chunk_08.wav,4,fil,68.75,40.9,6.5,0.312,0.0,0.0,0.2,0.4,0.0,0.0,0.0,,,16,11,5,16.15,2,,,,▶ PLAY AUDIO
data/std038_g4_fil_chunk_09.wav,4,fil,66.67,37.2,5.0,0.333,0.0,0.0,0.0,0.6,0.2,0.0,0.0,,,15,10,5,16.15,2,,,,▶ PLAY AUDIO
data/std038_g4_fil_chunk_10.wav,4,fil,73.08,43.2,6.5,0.269,0.0,0.038,0.0,0.571,0.0,0.0,0.0,,,26,19,8,26.4,2,,,,▶ PLAY AUDIO
data/std038_g4_fil_chunk_11.wav,4,fil,88.89,56.5,8.0,0.111,0.0,0.0,0.0,0.0,0.0,0.0,0.0,,,9,8,1,8.5,3,,,,▶ PLAY AUDIO
data/std038_g4_fil_chunk_12.wav,4,fil,60.0,29.0,5.0,0.4,0.0,0.0,0.167,0.5,0.0,0.0,0.0,,,15,9,6,18.65,2,,,,▶ PLAY AUDIO
data/std038_g4_fil_chunk_13.wav,4,fil,61.54,25.7,3.5,0.077,0.308,0.462,0.0,0.0,0.0,0.0,0.077,,,13,8,11,18.65,3,,,,▶ PLAY AUDIO
data/std038_g4_fil_chunk_14.wav,4,fil,64.0,33.3,5.0,0.28,0.08,0.08,0.0,0.857,0.0,0.0,0.0,,,25,16,11,28.8,2,,,,▶ PLAY AUDIO
data/std038_g4_fil_chunk_15.wav,4,fil,85.71,62.5,9.0,0.143,0.0,0.0,0.0,1.0,0.0,0.0,0.0,,,35,30,5,28.8,1,,,,▶ PLAY AUDIO
data/std038_g4_fil_chunk_16.wav,4,fil,76.19,44.0,8.0,0.238,0.0,0.0,0.0,0.4,0.0,0.0,0.0,,,21,16,5,21.8,2,,,,▶ PLAY AUDIO
data/std038_g4_fil_chunk_17.wav,4,fil,91.67,61.7,9.0,0.083,0.0,0.042,0.0,0.5,0.0,0.0,0.0,,,24,22,3,21.4,1,,,,▶ PLAY AUDIO
data/std038_g4_fil_chunk_18.wav,4,fil,94.12,46.6,7.5,0.059,0.0,0.059,0.0,1.0,0.0,0.059,0.0,,nata-natapakan,17,16,2,20.6,1,,,,▶ PLAY AUDIO
data/std038_g4_fil_chunk_19.wav,4,fil,85.0,51.3,8.0,0.15,0.0,0.05,0.0,0.667,0.0,0.0,0.0,,,20,17,4,19.9,1,,,,▶ PLAY AUDIO
data/std040_g4_fil_chunk_01.wav,4,fil,86.67,60.9,9.0,0.133,0.0,0.0,0.0,0.25,0.0,0.0,0.0,,,30,26,4,25.6,3,,,,▶ PLAY AUDIO
data/std040_g4_fil_chunk_02.wav,4,fil,94.29,67.3,9.0,0.057,0.0,0.029,0.5,0.5,0.0,0.0,0.0,,,35,33,3,29.4,1,,,,▶ PLAY AUDIO
data/std041_g4_fil_chunk_01.wav,4,fil,93.33,57.3,8.0,0.067,0.0,0.0,0.5,0.0,0.0,0.0,0.0,,,30,28,2,29.3,1,,,,▶ PLAY AUDIO
data/std041_g4_fil_chunk_02.wav,4,fil,73.33,39.1,6.5,0.2,0.067,0.0,0.0,1.0,0.0,0.0,0.0,,,15,11,4,16.9,1,,,,▶ PLAY AUDIO
data/std041_g4_fil_chunk_03.wav,4,fil,100.0,71.0,9.0,0.0,0.0,0.0,0.0,0.0,0.0,0.0,0.0,,,20,20,0,16.9,0,,,,▶ PLAY AUDIO
data/std041_g4_fil_chunk_04.wav,4,fil,90.91,44.1,8.0,0.091,0.0,0.045,0.0,0.5,0.0,0.0,0.0,,,22,20,3,27.2,3,,,,▶ PLAY AUDIO
data/std041_g4_fil_chunk_05.wav,4,fil,93.33,49.7,8.0,0.067,0.0,0.133,0.0,1.0,0.0,0.0,0.0,,,15,14,3,16.9,1,,,,▶ PLAY AUDIO
data/std041_g4_fil_chunk_06.wav,4,fil,93.75,53.3,7.5,0.062,0.0,0.125,0.0,0.0,0.0,0.062,0.0,,nagwi-nagwika,16,15,3,16.9,3,,,,▶ PLAY AUDIO
data/std041_g4_fil_chunk_07.wav,4,fil,85.71,45.6,8.0,0.143,0.0,0.0,0.5,0.5,0.0,0.0,0.0,,,14,12,2,15.8,1,,,,▶ PLAY AUDIO
data/std041_g4_fil_chunk_08.wav,4,fil,93.75,57.0,7.0,0.062,0.0,0.0,0.0,0.0,0.0,0.125,0.0,,lama-laman; a-ang,16,15,1,15.8,3,,,,▶ PLAY AUDIO
data/std041_g4_fil_chunk_09.wav,4,fil,83.33,42.5,8.0,0.111,0.056,0.111,0.0,0.5,0.0,0.0,0.0,,,18,15,5,21.2,3,,,,▶ PLAY AUDIO
data/std041_g4_fil_chunk_10.wav,4,fil,91.67,59.2,7.5,0.083,0.0,0.0,0.0,0.0,0.0,0.042,0.0,,ba-baka,24,22,2,22.3,3,,,,▶ PLAY AUDIO
data/std041_g4_fil_chunk_11.wav,4,fil,90.48,63.0,9.0,0.095,0.0,0.0,0.0,0.0,0.0,0.0,0.0,,,21,19,2,18.1,3,,,,▶ PLAY AUDIO
data/std041_g4_fil_chunk_12.wav,4,fil,77.78,54.0,8.0,0.222,0.0,0.0,0.0,0.0,0.0,0.0,0.0,,,18,14,4,15.55,2,,,,▶ PLAY AUDIO
data/std041_g4_fil_chunk_13.wav,4,fil,83.33,38.6,6.5,0.167,0.0,0.0,0.0,0.5,0.0,0.0,0.0,,,12,10,2,15.55,3,,,,▶ PLAY AUDIO
data/std041_g4_fil_chunk_14.wav,4,fil,95.83,55.9,7.5,0.042,0.0,0.083,0.0,0.0,0.0,0.042,0.0,,ga-magalit,24,23,3,24.7,3,,,,▶ PLAY AUDIO
data/std041_g4_fil_chunk_15.wav,4,fil,92.59,49.7,7.5,0.074,0.0,0.037,0.0,0.5,0.0,0.037,0.0,,nag-nagulat,27,25,3,30.2,3,,,,▶ PLAY AUDIO
data/std041_g4_fil_chunk_16.wav,4,fil,91.67,45.2,8.0,0.083,0.0,0.083,0.0,0.0,0.0,0.0,0.0,,,12,11,2,14.6,3,,,,▶ PLAY AUDIO
data/std041_g4_fil_chunk_17.wav,4,fil,100.0,47.8,7.5,0.0,0.0,0.125,0.0,0.0,0.0,0.062,0.0,,mala-malakas,16,16,2,20.1,3,,,,▶ PLAY AUDIO
data/std041_g4_fil_chunk_18.wav,4,fil,100.0,44.0,7.5,0.0,0.0,0.25,0.0,0.0,0.0,0.05,0.0,,bahag-bahagya,20,20,5,27.3,3,,,,▶ PLAY AUDIO
data/std041_g4_fil_chunk_19.wav,4,fil,91.67,50.6,7.5,0.083,0.0,0.042,0.0,0.5,0.0,0.042,0.0,,a-ang,24,22,3,26.1,1,,,,▶ PLAY AUDIO
data/std041_g4_fil_chunk_20.wav,4,fil,87.5,50.0,8.0,0.125,0.0,0.0,0.0,1.0,0.0,0.0,0.0,,,24,21,3,25.2,1,,,,▶ PLAY AUDIO
data/std041_g4_fil_chunk_21.wav,4,fil,95.24,40.5,6.5,0.048,0.0,0.286,0.0,1.0,0.0,0.0,0.0,,,21,20,7,29.6,1,,,,▶ PLAY AUDIO
data/std041_g4_fil_chunk_22.wav,4,fil,90.0,49.1,8.0,0.1,0.0,0.0,0.0,0.5,0.0,0.0,0.0,,,20,18,2,22.0,3,,,,▶ PLAY AUDIO
data/std041_g4_fil_chunk_23.wav,4,fil,100.0,43.7,6.5,0.0,0.0,0.316,0.0,0.0,0.0,0.0,0.0,,,19,19,6,26.1,3,,,,▶ PLAY AUDIO
data/std041_g4_fil_chunk_24.wav,4,fil,88.89,41.9,7.5,0.111,0.0,0.0,0.0,0.0,0.0,0.056,0.0,,a-ate,18,16,2,22.9,3,,,,▶ PLAY AUDIO
data/std041_g4_fil_chunk_25.wav,4,fil,92.86,50.6,8.0,0.071,0.0,0.0,0.0,1.0,0.0,0.0,0.0,,,14,13,1,15.4,1,,,,▶ PLAY AUDIO
data/std041_g4_fil_chunk_26.wav,4,fil,91.67,46.8,8.0,0.083,0.0,0.0,0.0,0.0,0.0,0.0,0.0,,,12,11,1,14.1,3,,,,▶ PLAY AUDIO
data/std042_g4_fil_chunk_01.wav,4,fil,93.75,41.3,8.0,0.062,0.0,0.0,0.0,1.0,0.0,0.0,0.0,,,16,15,1,21.8,1,,,,▶ PLAY AUDIO
data/std042_g4_fil_chunk_02.wav,4,fil,78.57,24.7,5.0,0.143,0.071,0.143,0.0,0.5,0.0,0.0,0.0,,,14,11,5,26.7,3,,,,▶ PLAY AUDIO
data/std042_g4_fil_chunk_03.wav,4,fil,88.89,27.5,5.0,0.111,0.0,0.444,0.0,1.0,0.0,0.0,0.0,,,9,8,5,17.45,3,,,,▶ PLAY AUDIO
data/std042_g4_fil_chunk_04.wav,4,fil,92.31,41.3,8.0,0.077,0.0,0.077,0.0,1.0,0.0,0.0,0.0,,,13,12,2,17.45,1,,,,▶ PLAY AUDIO
data/std042_g4_fil_chunk_05.wav,4,fil,88.89,24.5,4.5,0.111,0.0,0.222,0.0,1.0,0.0,0.111,0.0,,pu-pumutok,9,8,3,19.6,3,,,,▶ PLAY AUDIO
data/std042_g4_fil_chunk_06.wav,4,fil,84.62,29.1,6.0,0.154,0.0,0.0,0.0,0.0,0.0,0.077,0.0,,hi-hindi,13,11,2,22.7,3,,,,▶ PLAY AUDIO
data/std042_g4_fil_chunk_07.wav,4,fil,71.43,24.2,5.0,0.286,0.0,0.143,0.0,0.5,0.0,0.0,0.0,,,7,5,3,12.4,3,,,,▶ PLAY AUDIO
data/std042_g4_fil_chunk_08.wav,4,fil,69.57,33.0,4.5,0.304,0.0,0.087,0.0,0.286,0.0,0.043,0.0,,umi-umimpis,23,16,9,29.1,3,,,,▶ PLAY AUDIO
data/std042_g4_fil_chunk_09.wav,4,fil,84.21,45.7,8.0,0.158,0.0,0.0,0.0,1.0,0.0,0.0,0.0,,,19,16,3,21.0,1,,,,▶ PLAY AUDIO
