file_name,grade_level,language,accuracy_rate,words_per_minute,fluency_score,substitution_rate,omission_rate,insertion_rate,phonetic_error_rate,vowel_error_rate,blend_error_rate,self_correction_rate,pause_frequency,prosody_score,flagged_hyphenated_tokens,total_words,correct_words,total_errors,duration_sec,provisional_weakness_label,teacher_confirmed_label,prosody_score_teacher,reduplication_review,click_to_play,annotation_issue,teacher_notes
data/std001_g3_en_chunk_01.wav,3,en,76.47,69.0,9.0,0.206,0.029,0.029,0.0,0.571,0.143,0.0,0.0,,,34,26,9,22.62,1,,,,▶ PLAY AUDIO,,
data/std001_g3_en_chunk_02.wav,3,en,69.44,60.3,7.5,0.222,0.083,0.0,0.125,0.625,0.125,0.0,0.0,,,36,25,11,24.89,1,,,,▶ PLAY AUDIO,,
data/std001_g3_en_chunk_03.wav,3,en,61.76,50.5,7.5,0.324,0.059,0.0,0.0,0.455,0.364,0.0,0.0,,,34,21,13,24.93,2,,,,▶ PLAY AUDIO,,
data/std001_g3_en_chunk_04.wav,3,en,100.0,105.5,10.0,0.0,0.0,0.0,0.0,0.0,0.0,0.0,0.0,,,41,41,0,23.31,0,,,,▶ PLAY AUDIO,,
data/std001_g3_en_chunk_05.wav,3,en,64.29,68.4,7.5,0.19,0.167,0.048,0.125,0.375,0.25,0.0,0.0,,,42,27,17,23.68,2,,,,▶ PLAY AUDIO,,
data/std001_g3_en_chunk_06.wav,3,en,60.0,23.1,5.0,0.2,0.2,0.067,0.0,0.333,0.333,0.0,0.0,,,15,9,7,23.42,3,,,,▶ PLAY AUDIO,,
data/std002_g3_en_chunk_01.wav,3,en,97.92,141.0,10.0,0.021,0.0,0.042,0.0,1.0,0.0,0.0,0.0,,,48,47,3,20.0,0,,,,▶ PLAY AUDIO,,
data/std002_g3_en_chunk_02.wav,3,en,97.37,111.0,10.0,0.026,0.0,0.0,0.0,1.0,0.0,0.0,0.0,,,38,37,1,20.0,0,,,,▶ PLAY AUDIO,,
data/std002_g3_en_chunk_03.wav,3,en,97.56,120.0,10.0,0.024,0.0,0.0,0.0,0.0,0.0,0.0,0.0,,,41,40,1,20.0,0,,,,▶ PLAY AUDIO,,
data/std002_g3_en_chunk_04.wav,3,en,97.06,99.0,10.0,0.029,0.0,0.0,0.0,0.0,0.0,0.0,0.0,,,34,33,1,20.0,0,,,,▶ PLAY AUDIO,,
data/std002_g3_en_chunk_05.wav,3,en,92.31,72.0,10.0,0.077,0.0,0.0,0.5,0.0,0.0,0.0,0.0,,,26,24,2,20.0,1,,,,▶ PLAY AUDIO,,
data/std002_g3_en_chunk_06.wav,3,en,93.75,90.0,10.0,0.062,0.0,0.0,0.0,0.5,0.0,0.0,0.0,,,32,30,2,20.0,1,,,,▶ PLAY AUDIO,,
data/std002_g3_en_chunk_07.wav,3,en,97.37,111.0,10.0,0.026,0.0,0.0,0.0,1.0,0.0,0.0,0.0,,,38,37,1,20.0,0,,,,▶ PLAY AUDIO,,
data/std002_g3_en_chunk_08.wav,3,en,88.24,90.0,10.0,0.118,0.0,0.059,0.0,0.5,0.0,0.0,0.0,,,34,30,6,20.0,1,,,,▶ PLAY AUDIO,,
data/std002_g3_en_chunk_09.wav,3,en,87.88,87.0,9.5,0.121,0.0,0.0,0.0,1.0,0.0,0.03,0.0,,bro-brought,33,29,4,20.0,1,,,,▶ PLAY AUDIO,,
data/std002_g3_en_chunk_10.wav,3,en,90.7,117.0,10.0,0.093,0.0,0.0,0.0,0.25,0.0,0.0,0.0,,,43,39,4,20.0,1,,,,▶ PLAY AUDIO,,
data/std002_g3_en_chunk_11.wav,3,en,97.3,108.0,9.5,0.027,0.0,0.0,1.0,0.0,0.0,0.027,0.0,,ta-takes,37,36,1,20.0,0,,,,▶ PLAY AUDIO,,
data/std002_g3_en_chunk_12.wav,3,en,86.21,75.0,10.0,0.138,0.0,0.0,0.25,0.25,0.25,0.0,0.0,,,29,25,4,20.0,1,,,,▶ PLAY AUDIO,,
data/std002_g3_en_chunk_13.wav,3,en,92.31,108.0,10.0,0.051,0.026,0.0,0.0,1.0,0.0,0.0,0.0,,,39,36,3,20.0,1,,,,▶ PLAY AUDIO,,
data/std002_g3_en_chunk_14.wav,3,en,92.5,111.0,10.0,0.075,0.0,0.0,0.333,0.333,0.0,0.0,0.0,,,40,37,3,20.0,1,,,,▶ PLAY AUDIO,,
data/std002_g3_en_chunk_15.wav,3,en,93.62,132.0,10.0,0.064,0.0,0.0,0.0,0.333,0.0,0.0,0.0,,,47,44,3,20.0,1,,,,▶ PLAY AUDIO,,
data/std002_g3_en_chunk_16.wav,3,en,94.87,111.0,10.0,0.051,0.0,0.0,0.0,0.5,0.0,0.0,0.0,,,39,37,2,20.0,1,,,,▶ PLAY AUDIO,,
data/std002_g3_en_chunk_17.wav,3,en,90.91,110.3,10.0,0.091,0.0,0.0,0.0,0.5,0.0,0.0,0.0,,,22,20,2,10.88,1,,,,▶ PLAY AUDIO,,
data/std003_g3_en_chunk_02.wav,3,en,100.0,100.0,10.0,0.0,0.0,0.0,0.0,0.0,0.0,0.0,0.0,,,39,39,0,23.4,0,,,,▶ PLAY AUDIO,,
data/std003_g3_en_chunk_03.wav,3,en,77.42,59.2,8.5,0.194,0.032,0.0,0.167,0.333,0.0,0.032,0.0,,he-hello,31,24,7,24.34,2,,,,▶ PLAY AUDIO,,
data/std006_g3_en_chunk_01.wav,3,en,83.33,45.0,8.0,0.167,0.0,0.0,0.0,1.0,0.0,0.0,0.0,,,18,15,3,20.0,1,,,,▶ PLAY AUDIO,,
data/std006_g3_en_chunk_02.wav,3,en,85.0,51.0,9.0,0.15,0.0,0.0,0.0,0.0,0.0,0.0,0.0,,,20,17,3,20.0,3,,,,▶ PLAY AUDIO,,
data/std006_g3_en_chunk_03.wav,3,en,100.0,51.0,7.5,0.0,0.0,0.118,0.0,0.0,0.0,0.0,0.059,,,17,17,2,20.0,3,,,,▶ PLAY AUDIO,,
data/std006_g3_en_chunk_04.wav,3,en,100.0,54.0,7.5,0.0,0.0,0.0,0.0,0.0,0.0,0.0,0.056,,,18,18,0,20.0,3,,,,▶ PLAY AUDIO,,
data/std006_g3_en_chunk_05.wav,3,en,95.24,60.0,9.0,0.048,0.0,0.0,1.0,0.0,0.0,0.0,0.0,,,21,20,1,20.0,0,,,,▶ PLAY AUDIO,,
data/std006_g3_en_chunk_06.wav,3,en,100.0,69.0,7.5,0.0,0.0,0.0,0.0,0.0,0.0,0.0,0.043,,,23,23,0,20.0,3,,,,▶ PLAY AUDIO,,
data/std006_g3_en_chunk_07.wav,3,en,80.95,51.0,9.0,0.19,0.0,0.0,0.0,0.0,1.0,0.0,0.0,,,21,17,4,20.0,1,,,,▶ PLAY AUDIO,,
data/std006_g3_en_chunk_08.wav,3,en,91.67,66.0,9.0,0.083,0.0,0.0,0.0,1.0,0.0,0.0,0.0,,,24,22,2,20.0,1,,,,▶ PLAY AUDIO,,
data/std006_g3_en_chunk_09.wav,3,en,100.0,60.0,7.5,0.0,0.0,0.0,0.0,0.0,0.0,0.0,0.05,,,20,20,0,20.0,3,,,,▶ PLAY AUDIO,,
data/std006_g3_en_chunk_10.wav,3,en,95.24,60.0,9.0,0.048,0.0,0.048,0.0,0.0,0.0,0.0,0.0,,,21,20,2,20.0,0,,,,▶ PLAY AUDIO,,
data/std006_g3_en_chunk_11.wav,3,en,86.96,60.0,9.0,0.13,0.0,0.0,0.0,0.333,0.667,0.0,0.0,,,23,20,3,20.0,1,,,,▶ PLAY AUDIO,,
data/std006_g3_en_chunk_12.wav,3,en,95.24,60.0,9.0,0.048,0.0,0.048,0.0,0.0,0.0,0.0,0.0,,,21,20,2,20.0,0,,,,▶ PLAY AUDIO,,
data/std006_g3_en_chunk_13.wav,3,en,81.25,39.0,8.0,0.188,0.0,0.0,0.0,0.333,0.333,0.0,0.0,,,16,13,3,20.0,3,,,,▶ PLAY AUDIO,,
data/std006_g3_en_chunk_14.wav,3,en,75.0,36.0,8.0,0.25,0.0,0.0,0.0,0.25,0.25,0.0,0.0,,,16,12,4,20.0,2,,,,▶ PLAY AUDIO,,
data/std006_g3_en_chunk_15.wav,3,en,95.24,60.0,9.0,0.048,0.0,0.0,0.0,0.0,0.0,0.0,0.0,,,21,20,1,20.0,0,,,,▶ PLAY AUDIO,,
data/std006_g3_en_chunk_16.wav,3,en,78.95,45.0,8.0,0.211,0.0,0.0,0.0,0.5,0.0,0.0,0.0,,,19,15,4,20.0,3,,,,▶ PLAY AUDIO,,
data/std006_g3_en_chunk_17.wav,3,en,87.5,63.0,9.0,0.083,0.042,0.0,0.5,0.0,0.0,0.0,0.0,,,24,21,3,20.0,1,,,,▶ PLAY AUDIO,,
data/std006_g3_en_chunk_18.wav,3,en,84.62,33.0,6.5,0.154,0.0,0.0,0.5,0.0,0.0,0.0,0.077,,,13,11,2,20.0,3,,,,▶ PLAY AUDIO,,
data/std006_g3_en_chunk_19.wav,3,en,95.24,60.0,9.0,0.048,0.0,0.0,1.0,0.0,0.0,0.0,0.0,,,21,20,1,20.0,0,,,,▶ PLAY AUDIO,,
data/std006_g3_en_chunk_20.wav,3,en,70.59,36.0,8.0,0.176,0.118,0.0,0.0,0.667,0.333,0.0,0.0,,,17,12,5,20.0,1,,,,▶ PLAY AUDIO,,
data/std006_g3_en_chunk_21.wav,3,en,66.67,24.0,3.5,0.333,0.0,0.0,0.25,0.5,0.0,0.0,0.083,,,12,8,4,20.0,3,,,,▶ PLAY AUDIO,,
data/std006_g3_en_chunk_22.wav,3,en,73.91,51.0,9.0,0.087,0.174,0.0,0.0,0.5,0.0,0.0,0.0,,,23,17,6,20.0,2,,,,▶ PLAY AUDIO,,
data/std006_g3_en_chunk_23.wav,3,en,78.95,45.0,6.5,0.158,0.053,0.105,0.0,0.333,0.333,0.0,0.0,,,19,15,6,20.0,1,,,,▶ PLAY AUDIO,,
data/std006_g3_en_chunk_24.wav,3,en,60.0,36.0,6.5,0.2,0.2,0.0,0.0,0.75,0.0,0.0,0.0,,,20,12,8,20.0,2,,,,▶ PLAY AUDIO,,
data/std006_g3_en_chunk_25.wav,3,en,66.67,34.3,6.5,0.167,0.167,0.0,0.0,0.0,0.5,0.0,0.0,,,12,8,4,13.99,2,,,,▶ PLAY AUDIO,,
data/std006_g3_en_chunk_26.wav,3,en,73.33,33.0,8.0,0.133,0.133,0.0,0.0,0.5,0.5,0.0,0.0,,,15,11,4,20.0,1,,,,▶ PLAY AUDIO,,
data/std006_g3_en_chunk_27.wav,3,en,68.0,51.0,7.5,0.12,0.2,0.0,0.0,0.0,0.333,0.0,0.0,,,25,17,8,20.0,2,,,,▶ PLAY AUDIO,,
data/std006_g3_en_chunk_28.wav,3,en,76.19,48.0,8.0,0.238,0.0,0.0,0.0,0.6,0.2,0.0,0.0,,,21,16,5,20.0,1,,,,▶ PLAY AUDIO,,
data/std006_g3_en_chunk_29.wav,3,en,84.21,48.0,6.5,0.158,0.0,0.0,0.333,0.0,0.333,0.0,0.053,,,19,16,3,20.0,1,,,,▶ PLAY AUDIO,,
data/std006_g3_en_chunk_30.wav,3,en,75.0,27.0,6.5,0.25,0.0,0.0,0.333,0.0,0.0,0.0,0.0,,,12,9,3,20.0,3,,,,▶ PLAY AUDIO,,
data/std006_g3_en_chunk_31.wav,3,en,37.5,18.0,5.0,0.562,0.062,0.0,0.222,0.333,0.222,0.0,0.0,,,16,6,10,20.0,2,,,,▶ PLAY AUDIO,,
data/std006_g3_en_chunk_32.wav,3,en,53.85,21.0,5.0,0.462,0.0,0.0,0.167,0.333,0.333,0.0,0.0,,,13,7,6,20.0,2,,,,▶ PLAY AUDIO,,
data/std006_g3_en_chunk_33.wav,3,en,62.5,30.0,6.5,0.375,0.0,0.0,0.167,0.333,0.167,0.0,0.0,,,16,10,6,20.0,2,,,,▶ PLAY AUDIO,,
data/std006_g3_en_chunk_34.wav,3,en,82.35,42.0,8.0,0.176,0.0,0.0,0.333,0.333,0.0,0.0,0.0,,,17,14,3,20.0,1,,,,▶ PLAY AUDIO,,
data/std006_g3_en_chunk_35.wav,3,en,58.33,21.5,5.0,0.417,0.0,0.0,0.0,0.8,0.0,0.0,0.0,,,12,7,5,19.57,2,,,,▶ PLAY AUDIO,,
data/std007_g3_en_chunk_01.wav,3,en,69.23,65.9,7.5,0.231,0.077,0.051,0.111,0.889,0.0,0.0,0.0,,,39,27,14,24.58,1,,,,▶ PLAY AUDIO,,
data/std007_g3_en_chunk_09.wav,3,en,59.09,63.2,7.5,0.091,0.318,0.0,0.0,0.5,0.0,0.0,0.0,,,44,26,18,24.7,2,,,,▶ PLAY AUDIO,,
data/std009_g3_en_chunk_01.wav,3,en,14.29,2.6,5.0,0.857,0.0,1.714,0.0,0.667,0.333,0.0,0.0,,,7,1,18,22.67,2,,,,▶ PLAY AUDIO,,
data/std009_g3_en_chunk_02.wav,3,en,15.38,4.9,5.0,0.846,0.0,0.462,0.091,0.818,0.091,0.0,0.0,,,13,2,17,24.69,2,,,,▶ PLAY AUDIO,,
data/std009_g3_en_chunk_03.wav,3,en,33.33,10.7,5.0,0.667,0.0,0.778,0.167,0.5,0.333,0.0,0.0,,,9,3,13,16.87,2,,,,▶ PLAY AUDIO,,
data/std022_g4_en_chunk_01.wav,4,en,72.0,33.5,6.5,0.2,0.08,0.0,0.0,0.4,0.6,0.0,0.0,,,25,18,7,32.28,1,,,,▶ PLAY AUDIO,,
data/std022_g4_en_chunk_02.wav,4,en,84.85,52.0,8.0,0.152,0.0,0.0,0.2,0.0,0.4,0.0,0.0,,,33,28,5,32.28,1,,,,▶ PLAY AUDIO,,
data/std022_g4_en_chunk_03.wav,4,en,97.14,74.6,9.0,0.029,0.0,0.0,0.0,0.0,0.0,0.0,0.0,,,35,34,1,27.36,0,,,,▶ PLAY AUDIO,,
data/std022_g4_en_chunk_04.wav,4,en,70.59,49.2,8.0,0.206,0.088,0.0,0.286,0.571,0.0,0.0,0.0,,,34,24,10,29.26,1,,,,▶ PLAY AUDIO,,
data/std022_g4_en_chunk_05.wav,4,en,68.57,49.2,6.5,0.314,0.0,0.0,0.091,0.727,0.0,0.0,0.0,,,35,24,11,29.26,2,,,,▶ PLAY AUDIO,,
data/std023_g4_en_chunk_01.wav,4,en,67.57,46.8,6.5,0.297,0.027,0.027,0.273,0.727,0.0,0.0,0.0,,,37,25,13,32.02,1,,,,▶ PLAY AUDIO,,
data/std023_g4_en_chunk_02.wav,4,en,63.33,35.6,5.0,0.333,0.033,0.133,0.0,0.9,0.1,0.0,0.0,,,30,19,15,32.02,2,,,,▶ PLAY AUDIO,,
data/std023_g4_en_chunk_03.wav,4,en,94.29,95.9,10.0,0.057,0.0,0.0,0.0,0.5,0.0,0.0,0.0,,,35,33,2,20.64,1,,,,▶ PLAY AUDIO,,
data/std023_g4_en_chunk_04.wav,4,en,91.43,64.7,9.0,0.086,0.0,0.057,0.0,1.0,0.0,0.0,0.0,,,35,32,5,29.68,1,,,,▶ PLAY AUDIO,,
data/std023_g4_en_chunk_05.wav,4,en,100.0,97.3,10.0,0.0,0.0,0.0,0.0,0.0,0.0,0.0,0.0,,,31,31,0,19.12,0,,,,▶ PLAY AUDIO,,
data/std023_g4_en_chunk_06.wav,4,en,97.22,109.8,10.0,0.028,0.0,0.0,0.0,1.0,0.0,0.0,0.0,,,36,35,1,19.12,0,,,,▶ PLAY AUDIO,,
data/std024_g4_en_chunk_01.wav,4,en,88.24,77.5,9.0,0.059,0.059,0.059,0.5,0.5,0.0,0.0,0.0,,,34,30,6,23.24,1,,,,▶ PLAY AUDIO,,
data/std024_g4_en_chunk_02.wav,4,en,87.88,74.9,9.0,0.121,0.0,0.03,0.5,0.5,0.0,0.0,0.0,,,33,29,5,23.24,1,,,,▶ PLAY AUDIO,,
data/std024_g4_en_chunk_03.wav,4,en,70.0,60.7,7.5,0.267,0.033,0.067,0.0,0.0,0.5,0.0,0.0,,,30,21,11,20.76,2,,,,▶ PLAY AUDIO,,
data/std024_g4_en_chunk_04.wav,4,en,89.29,72.3,9.0,0.107,0.0,0.036,0.333,0.667,0.0,0.0,0.0,,,28,25,4,20.76,1,,,,▶ PLAY AUDIO,,
data/std024_g4_en_chunk_05.wav,4,en,94.29,82.2,10.0,0.057,0.0,0.0,0.5,0.5,0.0,0.0,0.0,,,35,33,2,24.08,1,,,,▶ PLAY AUDIO,,
data/std025_g4_en_chunk_01.wav,4,en,88.57,88.6,10.0,0.114,0.0,0.0,0.0,0.0,0.0,0.0,0.0,,,35,31,4,21.0,2,,,,▶ PLAY AUDIO,,
data/std025_g4_en_chunk_02.wav,4,en,76.67,65.0,9.0,0.233,0.0,0.033,0.0,0.0,0.286,0.0,0.0,,,30,23,8,21.24,2,,,,▶ PLAY AUDIO,,
data/std025_g4_en_chunk_03.wav,4,en,92.59,70.6,8.5,0.074,0.0,0.0,0.0,0.5,0.0,0.037,0.0,,ye-yes,27,25,2,21.24,1,,,,▶ PLAY AUDIO,,
data/std025_g4_en_chunk_04.wav,4,en,66.67,62.1,7.5,0.333,0.0,0.0,0.083,0.667,0.083,0.0,0.0,,,36,24,12,23.2,2,,,,▶ PLAY AUDIO,,
data/std025_g4_en_chunk_05.wav,4,en,54.55,46.6,6.5,0.394,0.061,0.03,0.0,0.846,0.077,0.0,0.0,,,33,18,16,23.2,2,,,,▶ PLAY AUDIO,,
data/std026_g4_en_chunk_01.wav,4,en,97.3,113.3,10.0,0.027,0.0,0.0,1.0,0.0,0.0,0.0,0.0,,,37,36,1,19.06,0,,,,▶ PLAY AUDIO,,
data/std026_g4_en_chunk_02.wav,4,en,72.41,66.1,9.0,0.276,0.0,0.0,0.125,0.75,0.0,0.0,0.0,,,29,21,8,19.06,1,,,,▶ PLAY AUDIO,,
data/std026_g4_en_chunk_03.wav,4,en,83.33,83.7,10.0,0.167,0.0,0.0,0.0,0.2,0.0,0.0,0.0,,,30,25,5,17.92,2,,,,▶ PLAY AUDIO,,
data/std026_g4_en_chunk_04.wav,4,en,88.89,80.4,10.0,0.111,0.0,0.074,0.0,0.0,0.333,0.0,0.0,,,27,24,5,17.92,1,,,,▶ PLAY AUDIO,,
data/std026_g4_en_chunk_05.wav,4,en,88.57,85.6,10.0,0.114,0.0,0.029,0.0,0.25,0.0,0.0,0.0,,,35,31,5,21.72,1,,,,▶ PLAY AUDIO,,
data/std029_g4_en_chunk_01.wav,4,en,76.47,49.2,8.0,0.235,0.0,0.059,0.25,0.75,0.0,0.0,0.0,,,17,13,5,15.84,1,,,,▶ PLAY AUDIO,,
data/std029_g4_en_chunk_02.wav,4,en,61.11,41.7,6.5,0.389,0.0,0.111,0.571,0.286,0.0,0.0,0.0,,,18,11,9,15.84,2,,,,▶ PLAY AUDIO,,
data/std029_g4_en_chunk_03.wav,4,en,60.0,23.9,5.0,0.4,0.0,0.2,0.167,0.5,0.333,0.0,0.0,,,15,9,9,22.56,2,,,,▶ PLAY AUDIO,,
data/std029_g4_en_chunk_04.wav,4,en,40.0,16.2,4.5,0.6,0.0,0.133,0.111,0.333,0.444,0.067,0.0,,s-says,15,6,11,22.16,2,,,,▶ PLAY AUDIO,,
data/std029_g4_en_chunk_05.wav,4,en,62.5,28.7,5.0,0.375,0.0,0.0,0.167,0.5,0.167,0.0,0.0,,,16,10,6,20.88,2,,,,▶ PLAY AUDIO,,
data/std029_g4_en_chunk_06.wav,4,en,43.75,18.4,5.0,0.5,0.062,0.188,0.25,0.125,0.0,0.0,0.0,,,16,7,12,22.8,2,,,,▶ PLAY AUDIO,,
data/std029_g4_en_chunk_07.wav,4,en,57.14,29.6,5.0,0.429,0.0,0.095,0.222,0.778,0.0,0.0,0.0,,,21,12,11,24.32,2,,,,▶ PLAY AUDIO,,
data/std029_g4_en_chunk_08.wav,4,en,40.0,16.2,5.0,0.6,0.0,0.133,0.444,0.444,0.111,0.0,0.0,,,15,6,11,22.28,2,,,,▶ PLAY AUDIO,,
data/std029_g4_en_chunk_09.wav,4,en,33.33,15.4,5.0,0.667,0.0,0.0,0.25,0.625,0.0,0.0,0.0,,,12,4,8,15.56,2,,,,▶ PLAY AUDIO,,
data/std029_g4_en_chunk_10.wav,4,en,28.57,15.4,5.0,0.643,0.071,0.071,0.111,0.778,0.0,0.0,0.0,,,14,4,11,15.56,2,,,,▶ PLAY AUDIO,,
data/std030_g4_en_chunk_01.wav,4,en,36.84,19.2,5.0,0.579,0.053,0.0,0.091,0.727,0.091,0.0,0.0,,,19,7,12,21.92,2,,,,▶ PLAY AUDIO,,
data/std030_g4_en_chunk_02.wav,4,en,39.13,23.9,5.0,0.609,0.0,0.0,0.286,0.5,0.0,0.0,0.0,,,23,9,14,22.64,2,,,,▶ PLAY AUDIO,,
data/std030_g4_en_chunk_03.wav,4,en,64.0,42.4,6.5,0.36,0.0,0.0,0.111,0.667,0.0,0.0,0.0,,,25,16,9,22.64,2,,,,▶ PLAY AUDIO,,
data/std030_g4_en_chunk_04.wav,4,en,70.27,61.7,7.5,0.27,0.027,0.054,0.2,0.4,0.0,0.0,0.0,,,37,26,13,25.28,2,,,,▶ PLAY AUDIO,,
data/std030_g4_en_chunk_05.wav,4,en,48.15,31.4,5.0,0.519,0.0,0.037,0.286,0.357,0.286,0.0,0.0,,,27,13,15,24.88,2,,,,▶ PLAY AUDIO,,
data/std030_g4_en_chunk_06.wav,4,en,53.12,40.5,6.5,0.469,0.0,0.062,0.267,0.267,0.133,0.0,0.0,,,32,17,17,25.2,2,,,,▶ PLAY AUDIO,,
data/std032_g4_en_chunk_13.wav,4,en,86.21,79.2,9.0,0.138,0.0,0.0,0.0,0.25,0.0,0.0,0.0,,,29,25,4,18.94,2,,,,▶ PLAY AUDIO,,
